Date,Open,High,Low,Close,Volume,Adj Close
2010-01-04,36.95,37.32,36.82,37.32,13303600,33.56679
2010-01-05,37.38,37.43,36.8,37.0,21396400,33.27897
2010-01-06,36.8,37.5,36.8,37.5,18720600,33.72869
2010-01-07,37.27,37.45,37.07,37.15,10964600,33.41389
2010-01-08,37.16,37.39,36.86,36.95,14624200,33.234
2010-01-11,37.21,37.34,36.62,36.83,15317700,33.12607
2010-01-12,36.59,36.68,36.04,36.36,14886200,32.70334
2010-01-13,36.56,36.74,35.84,36.3,23228200,32.64937
2010-01-14,36.28,36.46,35.56,35.67,20073400,32.08273
2010-01-15,35.57,36.1,35.51,35.75,21169000,32.15468
2010-01-18,35.9,36.67,35.77,36.55,23168400,32.87423
2010-01-19,36.45,36.65,36.24,36.38,16895900,32.72133
2010-01-20,35.53,36.15,35.26,35.45,18757500,31.88485
2010-01-21,35.58,35.7,34.29,34.33,24553000,30.87749
2010-01-22,34.45,34.8,34.06,34.75,19025100,31.25525
2010-01-26,34.29,34.34,33.65,33.9,20281200,30.49074
2010-01-27,33.9,34.29,33.51,34.11,19908600,30.67962
2010-01-28,34.6,34.69,33.87,34.61,13819200,31.12933
2010-01-29,34.97,35.05,33.93,34.17,16106700,30.73358
2010-02-01,34.29,34.49,33.9,34.3,15869300,30.85051
2010-02-02,34.51,34.67,34.06,34.1,15289600,30.67062
2010-02-03,34.05,34.18,33.73,34.04,16091200,30.61666
2010-02-04,33.84,33.94,32.12,32.3,24280300,29.05164
2010-02-05,31.8,32.27,30.72,31.52,29033800,28.35009
2010-02-08,31.8,32.26,31.42,31.74,18684700,28.54796
2010-02-09,32.2,32.68,32.1,32.24,18104200,28.99768
2010-02-10,32.45,32.73,31.77,32.64,21909900,29.35745
2010-02-11,32.89,33.47,32.73,33.36,24110900,30.00504
2010-02-12,33.28,34.02,32.95,33.8,19127100,30.40079
2010-02-17,34.16,34.5,34.03,34.25,16622400,30.80554
2010-02-18,34.24,34.69,33.82,34.69,17017800,31.20128
2010-02-19,34.42,34.65,34.16,34.35,11889400,30.89548
2010-02-22,34.5,34.89,34.41,34.65,19817500,31.16531
2010-02-23,34.41,34.65,34.0,34.19,16937500,30.75157
2010-02-24,34.29,34.35,33.64,33.94,13563100,30.52671
2010-02-25,33.48,34.5,33.26,34.38,18650100,30.92246
2010-02-26,34.59,34.75,34.21,34.61,17804300,31.12933
2010-03-01,34.82,35.05,34.42,34.93,16959300,31.41715
2010-03-02,35.34,35.52,35.12,35.12,17108100,31.58804
2010-03-03,35.48,35.82,35.05,35.15,19957600,31.61503
2010-03-04,35.39,35.49,34.81,35.2,14068900,31.66
2010-03-05,35.69,35.92,35.4,35.81,28235000,32.20865
2010-03-08,35.83,35.99,35.41,35.7,15902100,32.10971
2010-03-09,35.5,36.85,35.46,36.5,68696600,32.82926
2010-03-10,37.06,37.16,36.65,37.0,32196400,33.27897
2010-03-11,36.93,37.47,36.81,37.05,19449600,33.32394
2010-03-12,37.2,37.41,37.06,37.06,13940300,33.33294
2010-03-15,36.77,37.23,36.47,36.77,19839600,33.0721
2010-03-16,36.93,37.21,36.7,37.21,12807500,33.46785
2010-03-17,37.26,37.48,36.93,37.15,10298100,33.41389
2010-03-18,37.14,37.4,36.76,37.02,12061700,33.29696
2010-03-19,37.0,37.09,36.16,36.23,24306500,32.58641
2010-03-22,35.61,36.36,35.5,36.24,13489200,32.59541
2010-03-23,36.38,36.42,35.71,35.82,17207000,32.21764
2010-03-24,36.12,36.57,35.6,36.09,18683500,32.46049
2010-03-25,36.33,36.43,35.2,35.2,17698800,31.66
2010-03-26,35.43,35.55,34.3,34.5,28820300,31.03039
2010-03-29,34.74,35.2,34.12,34.9,19312800,31.39017
2010-03-30,35.09,35.3,34.76,34.8,12365900,31.30022
2010-03-31,34.6,35.39,34.51,35.39,16551700,31.83089
2010-04-01,35.66,35.9,35.55,35.75,13721900,32.15468
2010-04-05,35.95,36.25,35.82,36.01,12120300,32.38853
2010-04-06,35.92,36.41,35.83,36.08,13410200,32.4515
2010-04-07,35.94,36.24,35.59,35.8,15079400,32.19965
2010-04-08,35.58,35.9,35.46,35.81,13552100,32.20865
2010-04-09,35.8,36.09,35.23,35.23,17017800,31.68698
2010-04-12,35.25,35.43,34.28,34.39,29883800,30.93146
2010-04-13,34.47,34.59,33.9,34.19,19661600,30.75157
2010-04-14,34.3,34.49,34.05,34.25,17377900,30.80554
2010-04-15,33.71,34.45,33.54,33.6,43408800,30.2209
2010-04-16,33.5,33.58,32.72,32.95,48889400,29.63628
2010-04-19,32.96,33.55,32.51,33.55,23996300,30.17593
2010-04-20,33.8,34.3,33.8,34.3,22158800,30.85051
2010-04-22,33.9,34.04,33.41,33.86,19873300,30.45476
2010-04-23,33.57,34.0,33.54,34.0,12312800,30.70145
2010-04-26,33.7,34.18,33.31,33.31,13810200,30.0784
2010-04-27,33.07,33.1,32.1,32.1,23019700,28.98578
2010-04-28,32.32,33.0,31.9,32.39,17380900,29.24765
2010-04-29,32.84,33.1,32.52,33.02,11932800,29.81653
2010-04-30,32.81,33.2,32.56,32.8,15687800,29.61787
2010-05-03,32.55,32.63,31.46,31.5,28849400,28.44399
2010-05-04,30.16,31.27,29.91,30.44,39268400,27.48683
2010-05-05,30.0,30.81,29.76,30.21,29471100,27.27914
2010-05-06,29.74,30.78,28.3,29.74,32015500,26.85474
2010-05-07,29.99,30.31,29.14,29.75,24546000,26.86377
2010-05-10,31.0,31.1,30.15,30.15,20988100,27.22496
2010-05-11,29.82,30.28,29.6,29.62,17334600,26.74638
2010-05-12,29.95,30.0,29.67,29.9,15380800,26.99922
2010-05-13,30.2,30.41,29.95,30.0,16122900,27.08952
2010-05-14,29.79,30.1,29.31,30.09,24270200,27.17079
2010-05-17,30.2,30.39,29.56,29.85,26530800,26.95407
2010-05-18,30.12,30.14,29.17,29.22,17679200,26.38519
2010-05-19,28.91,29.47,28.55,28.55,25227200,25.78019
2010-05-20,27.79,28.1,27.5,27.62,24145500,24.94042
2010-05-21,27.48,28.05,27.13,27.58,28529000,24.9043
2010-05-24,27.4,27.78,27.1,27.15,14996100,24.66806
2010-05-25,26.3,26.72,26.0,26.55,24219500,24.12291
2010-05-26,27.06,27.42,26.63,27.05,20468900,24.5772
2010-05-27,27.5,27.92,27.4,27.81,18332900,25.26773
2010-05-31,28.21,29.6,28.21,29.6,14270600,26.8941
2010-06-01,29.0,29.69,28.48,28.65,25987900,26.03094
2010-06-02,28.64,29.35,28.64,29.1,13859300,26.4398
2010-06-04,28.87,29.68,28.75,29.25,15178000,26.57609
2010-06-07,29.45,30.08,29.33,29.52,16452000,26.82141
2010-06-08,29.76,30.03,29.44,29.66,16120800,26.94861
2010-06-09,29.9,30.38,29.55,29.55,20135000,26.84867
2010-06-10,30.0,30.25,29.76,29.9,17889600,27.16667
2010-06-11,29.69,29.82,29.42,29.62,11613900,26.91227
2010-06-14,29.9,29.94,29.02,29.05,15282500,26.39437
2010-06-15,28.93,29.24,28.73,29.0,12607800,26.34894
2010-06-16,29.24,29.8,28.8,29.65,24436900,26.93952
2010-06-17,29.7,29.85,29.32,29.52,15576800,26.82141
2010-06-18,29.59,29.66,29.25,29.49,12366200,26.79415
2010-06-21,29.61,29.97,29.38,29.4,23758300,26.71238
2010-06-22,29.39,29.62,29.01,29.11,19578200,26.44889
2010-06-23,28.84,29.33,28.36,28.5,24118000,25.89465
2010-06-24,28.45,28.45,27.49,27.49,21828900,24.97698
2010-06-25,27.35,28.05,27.31,27.91,10738000,25.35859
2010-06-28,27.92,28.06,27.34,27.42,7278900,24.91338
2010-06-29,27.0,27.1,26.71,26.83,16290900,24.37732
2010-06-30,26.96,27.5,26.82,26.86,18010900,24.40457
2010-07-01,27.11,27.21,26.31,26.45,18632300,24.03206
2010-07-02,26.72,26.99,26.52,26.77,10088300,24.3228
2010-07-05,26.78,27.05,26.54,26.54,6883900,24.11383
2010-07-06,27.0,27.3,26.76,27.05,15896300,24.5772
2010-07-07,27.2,27.52,26.78,27.4,16555400,24.89521
2010-07-08,27.48,27.64,27.21,27.58,10498100,25.05875
2010-07-12,27.62,27.74,27.18,27.23,9365000,24.74075
2010-07-13,27.38,27.49,27.07,27.3,12667200,24.80435
2010-07-14,27.05,27.4,26.93,27.3,11099800,24.80435
2010-07-15,27.06,27.3,26.87,27.11,7914000,24.63172
2010-07-16,27.04,27.09,26.71,26.84,9806100,24.3864
2010-07-19,26.85,27.06,26.68,26.95,12468700,24.48635
2010-07-20,26.77,27.82,26.71,27.65,16035400,25.12236
2010-07-21,27.83,28.05,27.39,27.5,11651800,24.98607
2010-07-22,27.84,28.28,27.68,27.98,13382700,25.42219
2010-07-23,27.99,28.05,27.59,27.79,12762200,25.24956
2010-07-26,27.79,28.04,27.7,27.9,7666200,25.3495
2010-07-27,28.0,28.16,27.86,27.98,10359400,25.42219
2010-07-28,27.95,28.05,27.73,27.8,11317300,25.25864
2010-07-29,27.84,27.95,27.63,27.74,10324200,25.20413
2010-07-30,27.66,27.93,27.45,27.85,12928700,25.30407
2010-08-02,27.97,28.56,27.95,28.44,17740200,25.99884
2010-08-03,28.4,29.53,28.2,29.08,24018500,26.5839
2010-08-04,29.36,29.54,29.06,29.34,20894700,26.82159
2010-08-05,29.27,29.48,29.1,29.43,11125200,26.90386
2010-08-06,29.2,29.45,28.94,29.02,11196700,26.52905
2010-08-09,28.97,29.35,28.8,28.83,10274900,26.35536
2010-08-10,28.62,28.62,28.18,28.41,16439600,25.97141
2010-08-11,28.04,28.16,27.5,27.5,16895900,25.13952
2010-08-12,27.4,27.86,27.2,27.53,13560300,25.16695
2010-08-13,27.65,27.82,27.5,27.66,12344200,25.28579
2010-08-16,27.61,27.8,27.59,27.61,15292800,25.24008
2010-08-17,27.76,28.55,27.76,28.3,15546700,25.87085
2010-08-18,28.29,28.35,27.61,27.9,20458600,25.50519
2010-08-19,26.91,27.39,26.71,26.78,26365800,24.48133
2010-08-20,26.75,27.08,26.56,26.78,17204600,24.48133
2010-08-23,26.92,27.19,26.66,26.66,10445000,24.37162
2010-08-24,26.5,26.85,26.14,26.14,15741900,23.89626
2010-08-25,26.07,26.29,25.5,26.08,21490600,23.84141
2010-08-26,26.7,26.7,25.7,25.7,22021900,23.49403
2010-08-27,25.95,26.59,25.62,26.56,14878800,24.28021
2010-08-30,26.35,26.43,25.45,25.45,22067300,23.26549
2010-08-31,25.81,26.06,25.52,26.06,15881100,23.82313
2010-09-01,26.3,27.19,26.15,27.03,19359200,24.70987
2010-09-02,26.89,28.15,26.74,27.6,26761400,25.23094
2010-09-03,28.3,28.92,28.05,28.8,46190200,26.32794
2010-09-06,29.18,29.29,28.63,29.09,19635800,26.59304
2010-09-08,27.97,28.48,27.79,27.83,32338400,25.4412
2010-09-09,28.07,28.14,27.19,27.41,20191800,25.05725
2010-09-10,27.5,27.94,27.41,27.52,16665300,25.15781
2010-09-13,27.75,28.32,27.55,28.3,24171200,25.87085
2010-09-14,28.19,28.57,26.85,26.85,39196800,24.54532
2010-09-15,26.0,26.6,25.75,26.45,40928700,24.17965
2010-09-16,26.11,26.68,26.05,26.36,20305300,24.09738
2010-09-17,26.13,26.54,26.1,26.44,18012500,24.17051
2010-09-20,26.42,27.43,26.2,27.1,26848600,24.77386
2010-09-21,27.12,27.25,26.35,26.35,28615300,24.08823
2010-09-22,26.09,26.43,25.82,25.98,43614700,23.74999
2010-09-23,25.92,27.46,25.92,26.8,55285600,24.49961
2010-09-24,27.05,27.09,26.3,26.3,85873800,24.04253
2010-09-27,26.32,26.69,26.05,26.5,57987900,24.22536
2010-09-28,26.76,26.89,26.45,26.7,34634300,24.40819
2010-09-29,26.6,27.5,26.54,27.5,77343700,25.13952
2010-09-30,27.65,27.95,27.22,27.5,35419800,25.13952
2010-10-01,27.58,27.7,27.31,27.5,22431100,25.13952
2010-10-04,27.48,27.85,27.35,27.38,25001100,25.02982
2010-10-05,27.59,27.6,26.76,26.98,42377800,24.66416
2010-10-06,26.8,26.89,25.59,25.86,67569200,23.64029
2010-10-07,26.05,26.05,24.64,25.3,59209700,23.12836
2010-10-08,25.21,26.0,24.88,26.0,32670900,23.76828
2010-10-11,26.1,26.21,25.78,25.85,14338300,23.63115
2010-10-13,26.02,26.09,25.58,25.71,30156000,23.50317
2010-10-14,25.66,26.44,25.44,26.44,40386400,24.17051
2010-10-15,26.53,26.64,26.18,26.29,26691200,24.03339
2010-10-18,26.15,26.5,25.97,26.4,28001900,24.13394
2010-10-19,25.94,26.12,25.28,25.28,31746200,23.11008
2010-10-20,25.47,25.63,24.99,24.99,30872600,22.84497
2010-10-21,25.05,25.23,24.1,24.16,44679400,22.08621
2010-10-22,24.46,24.71,23.9,24.21,28738200,22.13192
2010-10-25,24.45,24.79,24.35,24.57,21647100,22.46102
2010-10-26,24.52,26.25,24.45,25.85,46812400,23.63115
2010-10-27,25.7,27.05,25.24,26.19,56750100,23.94197
2010-10-28,26.49,26.84,25.87,26.26,36697700,24.00596
2010-10-29,26.59,26.59,25.85,25.85,31585700,23.63115
2010-11-01,26.05,26.67,25.93,26.49,22132600,24.21622
2010-11-03,26.7,27.11,26.5,27.0,36288300,24.68244
2010-11-04,27.35,27.64,27.21,27.5,32455000,25.13952
2010-11-05,27.42,27.65,27.25,27.25,16761300,24.91098
2010-11-08,27.11,27.58,27.1,27.53,25051600,25.16695
2010-11-09,27.62,27.77,27.12,27.12,20757700,24.79214
2010-11-10,27.11,27.25,26.87,27.13,21229300,24.80128
2010-11-11,27.07,27.11,26.65,26.72,27355900,24.42647
2010-11-12,26.24,26.39,25.82,25.85,41525500,23.63115
2010-11-16,25.85,25.91,25.13,25.4,32183100,23.21978
2010-11-17,25.49,25.69,25.28,25.45,16842600,23.26549
2010-11-18,25.85,26.09,25.71,25.9,24640000,23.67686
2010-11-19,25.7,25.75,25.42,25.7,16481500,23.49403
2010-11-22,25.64,25.67,24.95,25.06,19249900,22.90896
2010-11-23,24.69,24.93,24.52,24.65,27569300,22.53415
2010-11-24,24.9,25.37,24.75,25.24,23972500,23.07351
2010-11-25,25.35,25.35,24.85,24.85,8896300,22.71699
2010-11-26,24.66,24.83,24.43,24.6,17078100,22.48845
2010-11-29,24.55,24.94,24.46,24.7,18657100,22.57986
2010-11-30,24.69,25.1,24.51,24.59,28357900,22.4793
2010-12-01,25.03,25.34,24.97,25.26,22328400,23.0918
2010-12-02,25.45,25.69,25.3,25.4,19060800,23.21978
2010-12-03,25.45,25.7,25.23,25.7,15838500,23.49403
2010-12-06,25.76,26.04,25.71,25.86,17859600,23.64029
2010-12-07,26.2,26.29,25.35,25.35,27050000,23.17407
2010-12-08,25.38,25.5,25.0,25.0,21494200,22.85411
2010-12-09,25.17,25.5,25.09,25.4,21341600,23.21978
2010-12-10,25.6,25.74,25.45,25.7,14107600,23.49403
2010-12-13,25.89,26.09,25.88,25.91,16896400,23.686
2010-12-14,25.83,26.04,25.72,25.83,15664600,23.61287
2010-12-15,25.59,25.71,25.37,25.37,23538200,23.19235
2010-12-16,25.5,25.65,25.26,25.35,15651800,23.17407
2010-12-17,25.23,25.94,25.04,25.94,17747100,23.71343
2010-12-20,25.94,26.06,25.57,25.57,31823100,23.37519
2010-12-21,25.84,25.93,25.71,25.77,16018600,23.55802
2010-12-22,25.56,25.72,25.47,25.72,11576500,23.51231
2010-12-23,25.64,25.87,25.56,25.75,12437000,23.53974
2010-12-27,25.56,26.09,25.52,26.05,12045200,23.81398
2010-12-28,26.3,26.71,26.21,26.66,21577300,24.37162
2010-12-29,26.78,27.17,26.78,26.97,20295300,24.65502
2010-12-30,27.29,27.44,27.09,27.29,29619400,24.94755
2011-01-03,27.5,27.58,26.91,27.0,22738500,24.68244
2011-01-04,27.01,27.06,26.4,26.9,30936600,24.59102
2011-01-05,26.68,27.35,26.58,27.22,24306800,24.88356
2011-01-06,27.2,27.46,27.01,27.11,24328800,24.783
2011-01-07,27.02,27.18,26.73,26.73,17453800,24.43562
2011-01-10,26.65,27.02,26.58,26.98,14366200,24.66416
2011-01-11,27.1,27.4,27.07,27.15,23190100,24.81957
2011-01-12,27.38,27.98,27.32,27.9,39193500,25.50519
2011-01-13,28.0,28.12,27.81,27.97,9677700,25.56918
2011-01-14,27.27,27.71,27.25,27.55,20220300,25.18523
2011-01-17,27.42,27.77,27.36,27.45,19288800,25.09382
2011-01-18,27.65,27.76,27.4,27.72,22139400,25.34064
2011-01-19,27.8,27.95,27.25,27.3,22631600,24.95669
2011-01-20,27.15,27.52,26.96,27.27,21486200,24.92927
2011-01-21,27.41,27.51,27.05,27.05,18127100,24.72815
2011-01-24,27.08,27.25,26.81,27.0,10765700,24.68244
2011-01-26,27.09,27.33,26.71,26.85,21421100,24.54532
2011-01-27,26.95,27.15,26.71,26.87,18552100,24.5636
2011-01-28,27.05,27.08,26.25,26.67,28037200,24.38077
2011-01-31,26.86,27.25,26.66,27.09,33947200,24.76472
2011-02-01,27.3,27.72,27.11,27.64,28782500,25.26751
2011-02-02,27.6,27.98,27.5,27.8,33156700,25.41377
2011-02-03,27.76,28.12,27.7,28.03,27639400,25.62403
2011-02-04,28.04,28.22,27.56,27.62,27702000,25.24922
2011-02-07,27.8,27.87,27.11,27.22,23873700,24.88356
2011-02-08,27.0,27.32,26.84,26.88,21000,24.57274
2011-02-11,26.45,26.7,26.3,26.4,19504200,24.13394
2011-02-14,26.41,26.91,26.24,26.75,18258200,24.4539
2011-02-15,26.67,27.32,26.63,26.97,27939600,24.65502
2011-02-16,27.2,27.45,27.07,27.31,24193500,24.96583
2011-02-17,27.4,27.44,27.04,27.25,19143600,24.91098
2011-02-18,27.16,27.44,27.11,27.37,16769000,25.02068
2011-02-21,27.47,27.65,27.25,27.4,22204200,25.04811
2011-02-22,27.46,27.95,27.45,27.77,36610900,25.38635
2011-02-23,27.91,28.9,27.8,28.71,62622100,26.24566
2011-02-25,28.41,28.75,28.15,28.6,27201000,26.1451
2011-02-28,28.44,28.68,28.16,28.58,28891100,26.12682
2011-03-01,28.5,28.79,28.19,28.29,26547900,25.86171
2011-03-02,28.3,28.96,28.17,28.9,25808400,26.41935
2011-03-03,28.92,28.97,28.6,28.96,17305300,26.4742
2011-03-04,29.0,29.17,28.72,29.08,21019800,26.5839
2011-03-10,28.4,28.43,27.88,28.12,22751200,25.70631
2011-03-11,27.95,28.4,27.67,28.17,20803900,25.75201
2011-03-14,28.0,28.42,27.87,28.28,13554000,25.85257
2011-03-15,27.45,28.17,27.45,28.04,22515300,25.63317
2011-03-16,28.16,28.41,27.61,27.78,33678600,25.39549
2011-03-17,28.14,28.2,27.88,28.08,16511000,25.66974
2011-03-18,28.2,28.22,27.82,27.9,21601100,25.50519
2011-03-21,28.16,28.35,27.98,28.13,28912600,25.71545
2011-03-22,28.05,28.54,28.02,28.33,23606200,25.89828
2011-03-24,28.66,28.78,28.35,28.43,12375400,25.9897
2011-03-25,28.41,28.78,28.39,28.69,15100,26.22738
2011-03-28,28.56,28.8,28.35,28.35,11432600,25.91656
2011-03-29,28.4,28.6,28.26,28.35,0,25.91656
2011-03-30,28.52,28.55,28.3,28.37,13888700,25.93485
2011-03-31,28.41,28.65,28.38,28.51,13903800,26.06283
2011-04-04,28.8,28.85,28.56,28.61,13522000,26.15425
2011-04-05,28.55,28.57,28.24,28.37,19729600,25.93485
2011-04-06,28.35,28.42,28.07,28.17,14652000,25.75201
2011-04-07,28.13,28.25,27.72,28.0,21872100,25.59661
2011-04-08,28.05,28.14,27.78,28.01,17515900,25.60575
2011-04-11,27.99,27.99,27.42,27.49,19399600,25.13038
2011-04-12,27.32,27.4,26.56,26.65,33535300,24.36248
2011-04-13,26.8,26.8,26.05,26.15,29953600,23.9054
2011-04-14,26.1,26.43,25.93,25.98,27489800,23.74999
2011-04-15,26.08,26.56,26.05,26.53,27267800,24.25278
2011-04-19,25.75,26.02,25.57,25.73,19327200,23.52145
2011-04-20,26.21,26.29,25.9,26.29,23575800,24.03339
2011-04-25,26.31,26.43,26.02,26.18,12867700,23.93283
2011-04-26,26.2,26.33,25.95,26.2,12082300,23.95111
2011-04-27,26.22,26.22,25.69,25.74,16820800,23.53059
2011-04-28,25.65,25.66,25.26,25.45,23904100,23.26549
2011-04-29,25.34,25.67,25.27,25.6,15923100,23.51952
2011-05-02,25.71,25.89,25.5,25.73,20830800,23.63895
2011-05-03,25.7,25.78,25.43,25.45,17841800,23.38171
2011-05-04,25.59,25.63,25.2,25.32,25541400,23.26227
2011-05-05,25.19,25.34,24.24,24.47,30998100,22.48135
2011-05-06,24.8,24.89,24.14,24.21,22917500,22.24248
2011-05-09,23.892,24.335,23.852,24.247,18694500,22.27647
2011-05-10,24.545,24.684,24.336,24.505,12702200,22.5135
2011-05-19,24.25,24.39,23.64,23.64,17706900,21.7188
2011-05-20,23.66,24.15,23.48,23.99,13950700,22.04036
2011-05-23,23.5,23.7,23.41,23.6,14783700,21.68205
2011-05-24,23.86,24.08,23.74,23.85,12793100,21.91174
2011-05-25,23.83,24.21,23.65,23.9,12385700,21.95767
2011-05-26,24.0,24.2,23.76,24.2,16766100,22.23329
2011-05-27,24.32,24.44,24.14,24.29,13755500,22.31598
2011-05-30,24.32,24.32,24.05,24.08,3555700,22.12304
2011-05-31,24.3,24.35,23.88,24.09,16156600,22.13223
2011-06-01,24.0,24.14,23.83,24.0,17885600,22.04955
2011-06-02,24.07,24.07,23.73,23.95,15748300,22.00361
2011-06-03,23.78,24.16,23.67,23.78,15337000,21.84743
2011-06-06,23.87,23.93,23.15,23.2,22018200,21.31456
2011-06-07,23.36,23.37,22.94,23.0,23231900,21.13082
2011-06-08,22.95,23.45,22.85,23.2,21767100,21.31456
2011-06-09,23.24,23.94,23.09,23.7,24521000,21.77393
2011-06-10,23.78,23.84,23.54,23.72,17587600,21.7923
2011-06-13,23.77,23.82,23.26,23.33,12131900,21.434
2011-06-14,23.42,23.69,23.42,23.6,13525500,21.68205
2011-06-15,23.29,23.55,23.15,23.3,20599900,21.40643
2011-06-16,23.29,23.75,23.09,23.29,20161600,21.39725
2011-06-17,23.47,23.48,23.19,23.24,14191400,21.35131
2011-06-20,23.2,23.44,23.06,23.1,18966600,21.22269
2011-06-21,23.2,23.3,23.04,23.24,13510200,21.35131
2011-06-22,23.2,23.67,23.17,23.26,18615300,21.36969
2011-06-24,23.17,23.21,22.85,22.87,15977500,21.01138
2011-06-27,23.0,23.19,22.87,23.08,14955300,21.20431
2011-06-28,23.17,23.45,23.1,23.45,15753300,21.54424
2011-06-29,23.5,23.54,23.2,23.38,14142800,21.47993
2011-06-30,23.59,23.72,23.5,23.72,16079200,21.7923
2011-07-01,23.65,23.89,23.47,23.75,18199100,21.81986
2011-07-04,23.72,23.85,23.71,23.8,5652500,21.8658
2011-07-05,23.8,23.98,23.51,23.56,12717200,21.6453
2011-07-06,23.45,23.65,23.29,23.51,13117100,21.59937
2011-07-07,23.7,23.79,23.55,23.63,15371600,21.70961
2011-07-08,23.5,23.63,23.4,23.44,13559700,21.53506
2011-07-11,23.2,23.32,23.06,23.15,16582400,21.26862
2011-07-12,23.02,23.3,22.93,23.12,11835400,21.24106
2011-07-13,23.29,23.44,23.13,23.39,15336700,21.48912
2011-07-14,23.27,23.36,22.86,22.95,17235500,21.08488
2011-07-15,23.0,23.11,22.86,22.99,15777400,21.12163
2011-07-18,22.81,23.0,22.53,22.76,16322400,20.91032
2011-07-19,22.87,22.97,22.56,22.65,17100500,20.80926
2011-07-20,22.75,22.81,22.38,22.38,18924100,20.5612
2011-07-21,22.48,23.11,22.43,23.0,19067100,21.13082
2011-07-22,23.02,23.27,22.85,22.97,13483500,21.10325
2011-07-25,23.89,24.21,23.89,24.1,23400,22.14142
2011-07-26,23.59,23.92,23.48,23.66,25370300,21.73718
2011-07-27,23.59,23.78,23.41,23.59,22203700,21.67287
2011-07-28,23.69,23.74,23.44,23.5,17246400,21.59018
2011-08-17,20.8,20.96,20.54,20.87,18831300,19.17392
2011-08-18,20.35,20.37,19.77,20.3,25674000,18.65024
2011-08-19,19.93,20.35,19.7,19.7,23649000,18.099
2011-08-22,20.1,20.27,19.64,19.65,17195200,18.05307
2011-08-23,19.8,20.3,19.51,20.16,21910500,18.52162
2011-08-24,20.12,20.35,19.99,20.23,18429000,18.58593
2011-08-25,20.15,20.29,19.78,19.86,19370500,18.246
2011-08-26,19.71,20.07,19.58,19.9,17681100,18.28275
2011-08-29,20.18,20.63,20.17,20.49,16367300,18.8248
2011-08-30,20.38,20.73,20.3,20.55,16994500,18.87992
2011-08-31,20.76,20.87,20.43,20.8,26421000,19.10961
2011-09-01,21.12,21.14,20.85,21.04,21673300,19.3301
2011-09-02,20.66,20.76,20.03,20.37,24292000,18.71455
2011-09-05,19.9,20.1,19.85,20.03,9490100,18.40218
2011-09-06,19.73,20.54,19.68,20.47,21669700,18.80642
2011-09-08,20.75,20.88,20.57,20.66,16132000,18.98098
2011-09-09,20.5,20.6,20.07,20.15,19703400,18.51243
2011-09-12,19.8,20.34,19.72,20.34,16675800,18.68699
2011-09-13,20.4,20.45,20.15,20.32,14984400,18.66862
2011-09-14,20.35,20.82,20.18,20.52,19667800,18.85236
2011-09-15,20.7,20.78,20.47,20.55,12969800,18.87992
2011-09-16,20.55,20.67,20.4,20.65,13098300,18.9718
2011-09-19,20.33,20.82,20.32,20.8,20027100,19.10961
2011-09-20,20.78,21.08,20.58,20.6,14889000,18.92586
2011-09-21,20.75,21.06,20.55,20.6,19357600,18.92586
2011-09-22,20.02,20.17,19.3,19.5,31416900,17.91526
2011-09-23,19.51,19.73,19.12,19.16,17860700,17.60289
2011-09-26,19.35,19.78,18.97,19.78,17539800,18.1725
2011-09-27,20.09,20.1,19.52,19.55,15427000,17.96119
2011-09-28,19.58,19.7,19.33,19.35,15557500,17.77745
2011-09-29,19.48,19.58,19.23,19.4,15220700,17.82338
2011-09-30,19.18,19.38,18.93,19.1,20418900,17.54776
2011-10-03,18.96,19.07,18.41,18.41,28605200,16.91384
2011-10-04,18.25,18.55,17.9,18.55,29503700,17.04246
2011-10-05,18.4,18.75,18.05,18.21,20425100,16.73009
2011-10-06,18.49,19.09,18.35,18.85,27305500,17.31808
2011-10-07,19.07,19.07,18.21,18.3,21500100,16.81278
2011-10-10,18.5,18.98,18.35,18.91,17685700,17.3732
2011-10-11,18.7,19.21,18.55,19.16,29714600,17.60289
2011-10-13,19.4,19.54,18.98,19.39,27038100,17.8142
2011-10-14,19.55,19.7,19.31,19.64,20916800,18.04388
2011-10-17,19.45,19.7,18.98,19.3,22841200,17.73151
2011-10-18,19.2,19.53,19.01,19.45,22334400,17.86932
2011-10-19,19.44,19.49,19.07,19.23,16380200,17.6672
2011-10-20,19.18,19.18,18.62,18.82,17329400,17.29052
2011-10-21,18.96,19.38,18.93,19.27,18787300,17.70395
2011-10-28,20.85,21.58,20.78,21.58,30090200,19.82622
2011-10-31,21.65,21.98,21.26,21.32,30913100,19.58735
2011-11-01,20.4,21.25,20.4,21.13,27873500,19.41279
2011-11-03,21.56,21.97,21.32,21.92,24130000,20.13859
2011-11-04,21.73,22.18,21.71,22.1,19144700,20.30396
2011-11-07,22.05,22.78,21.97,22.68,25470000,20.83682
2011-11-08,22.8,22.94,22.32,22.41,22010000,20.58876
2011-11-09,22.01,22.19,21.44,21.46,27702000,19.71597
2011-11-11,21.89,22.15,21.79,21.96,16460800,20.17533
2011-11-14,21.86,22.05,21.63,21.92,12704300,20.13859
2011-11-16,21.96,22.22,21.72,22.11,20722500,20.31315
2011-11-17,21.96,22.12,21.49,21.52,22441400,19.77109
2011-11-18,21.7,21.87,21.47,21.75,20047400,19.9824
2011-11-21,21.41,21.85,21.31,21.8,33001100,20.02834
2011-11-22,21.74,21.98,21.62,21.68,19880400,19.91809
2011-11-23,21.49,21.68,21.44,21.57,16786000,19.81703
2011-11-24,21.74,21.8,21.53,21.67,10213300,19.9089
2011-11-25,21.48,21.65,21.01,21.01,18320800,19.30254
2011-11-28,21.51,21.68,21.36,21.5,14923300,19.75272
2011-11-29,21.52,21.89,21.32,21.41,18412100,19.67003
2011-11-30,21.8,22.22,21.68,22.05,29239500,20.25802
2011-12-01,22.33,22.53,22.13,22.52,22314900,20.68982
2011-12-02,22.62,22.73,22.35,22.53,17524400,20.69901
2011-12-05,22.74,23.12,22.64,22.97,19102500,21.10325
2011-12-06,22.82,23.36,22.82,23.32,17084200,21.42481
2011-12-07,23.34,23.47,23.01,23.29,18584500,21.39725
2011-12-08,23.35,23.45,22.37,22.52,25386200,20.68982
2011-12-09,22.71,23.15,22.6,23.02,17627000,21.14919
2011-12-13,22.59,22.8,22.37,22.42,22968900,20.59795
2011-12-14,22.35,22.45,21.82,21.82,32567700,20.04671
2011-12-15,22.05,22.3,21.47,21.51,24826000,19.76191
2011-12-16,21.6,21.71,21.3,21.3,21221600,19.56897
2011-12-19,21.37,21.62,21.12,21.12,18945100,19.4036
2011-12-20,21.4,22.1,21.31,22.1,24437600,20.30396
2011-12-21,21.9,21.99,21.52,21.92,18567300,20.13859
2011-12-22,22.08,22.3,21.92,22.15,14040300,20.34989
2011-12-23,22.27,22.39,22.17,22.22,9297500,20.4142
2011-12-26,22.3,22.34,22.17,22.17,2820600,20.36827
2011-12-27,22.17,22.32,22.14,22.2,9287300,20.39583
2011-12-28,22.24,22.24,21.42,21.43,15843300,19.68841
2011-12-29,21.59,21.59,21.0,21.49,21683800,19.74353
2012-01-02,21.51,22.12,21.26,21.73,20391300,19.96403
2012-01-03,21.83,22.41,21.81,22.41,22940500,20.58876
2012-01-04,22.18,22.58,21.98,22.57,18736900,20.73576
2012-01-05,22.39,22.61,22.15,22.31,19489000,20.49689
2012-01-06,22.47,22.58,22.25,22.33,13941000,20.51527
2012-01-09,22.44,22.63,22.28,22.63,14665100,20.79088
2012-01-10,22.94,23.02,22.79,22.9,21084100,21.03894
2012-01-11,22.89,23.0,22.65,22.91,19836100,21.04813
2012-01-12,22.99,23.27,22.78,23.08,28334400,21.20431
2012-01-13,22.95,23.1,22.85,23.05,27090600,21.17675
2012-01-16,23.05,23.7,23.02,23.65,29976400,21.72799
2012-01-18,23.82,24.46,23.82,24.37,25733500,22.38948
2012-01-19,24.4,24.54,24.21,24.21,22835300,22.24248
2012-01-20,24.1,24.22,23.88,24.22,16643000,22.25167
2012-01-23,24.09,25.49,24.04,25.13,36560200,23.08771
2012-01-24,25.05,25.78,24.95,25.4,37248200,23.33577
2012-01-26,25.73,25.89,24.92,24.92,30571700,22.89478
2012-01-27,25.08,25.15,24.62,24.67,17637100,22.6651
2012-01-30,24.43,24.63,24.35,24.57,16811800,22.57322
2012-01-31,24.75,24.94,24.33,24.57,28139600,22.57322
2012-02-01,24.7,25.17,24.63,24.95,24357500,22.92234
2012-02-02,24.88,25.22,24.45,24.53,26639600,22.53647
2012-02-03,24.47,24.93,24.37,24.61,20308300,22.60997
2012-02-06,24.49,24.86,24.4,24.86,14430800,22.83966
2012-02-07,24.72,25.64,24.72,25.6,29503300,23.51952
2012-02-08,25.65,25.88,25.3,25.43,24815600,23.36333
2012-02-09,25.48,25.74,25.17,25.5,23662100,23.42764
2012-02-10,24.24,24.55,23.5,23.5,88044000,21.59018
2012-02-14,24.36,24.36,23.1,23.21,41985300,21.32375
2012-02-15,23.49,23.59,22.71,23.1,40081300,21.22269
2012-02-16,22.95,23.93,22.83,23.88,36725000,21.9393
2012-02-17,24.1,24.15,23.65,24.05,24239300,22.09548
2012-02-22,23.92,24.13,23.74,23.89,17168500,21.94849
2012-02-23,23.68,24.09,23.67,23.92,20973800,21.97605
2012-02-24,24.15,24.59,24.11,24.48,23627900,22.49054
2012-02-27,24.65,24.92,24.29,24.35,30229700,22.3711
2012-02-28,24.51,24.69,24.33,24.33,23401800,22.35273
2012-02-29,24.5,24.64,24.24,24.31,23521600,22.33435
2012-03-01,24.51,24.88,24.46,24.88,18627700,22.85803
2012-03-02,24.94,25.3,24.86,25.3,20122000,23.2439
2012-03-05,25.15,25.24,24.45,24.59,22770000,22.5916
2012-03-06,24.1,24.13,23.59,23.75,25256500,21.81986
2012-03-07,24.05,24.15,23.76,23.98,16294900,22.03117
2012-03-08,24.42,24.45,23.91,24.09,13840600,22.13223
2012-03-09,24.1,24.25,23.71,23.71,14887900,21.78311
2012-03-12,23.55,23.76,23.36,23.43,13888100,21.52587
2012-03-13,23.65,24.43,23.48,24.43,27072800,22.4446
2012-03-14,24.4,25.08,24.28,24.83,34767400,22.81209
2012-03-15,24.68,24.99,24.17,24.22,26540100,22.25167
2012-03-16,24.25,24.45,23.62,24.35,38690500,22.3711
2012-03-20,24.01,24.31,23.97,24.27,17585500,22.4121
2012-03-21,24.21,24.4,24.07,24.11,12415400,22.26435
2012-03-22,23.99,24.05,23.7,23.8,16571800,21.97808
2012-03-23,23.93,24.1,23.67,23.7,16054200,21.88574
2012-03-26,23.94,24.28,23.86,24.21,14783400,22.35669
2012-03-27,24.21,24.29,23.8,23.8,20580800,21.97808
2012-03-28,23.79,23.8,23.21,23.39,19702600,21.59947
2012-03-29,23.21,23.4,22.93,23.32,23508000,21.53483
2012-03-30,23.5,23.54,23.11,23.35,17685300,21.56253
2012-04-02,23.28,23.6,23.02,23.23,17972500,21.45172
2012-04-03,23.22,23.3,22.52,22.55,20776300,20.82377
2012-04-04,22.26,22.36,21.76,21.76,23945600,20.09425
2012-04-05,21.82,22.18,21.66,22.0,20141600,20.31587
2012-04-09,21.76,21.87,21.51,21.59,14373800,19.93726
2012-04-10,21.5,21.71,21.01,21.19,19490700,19.56788
2012-04-11,21.45,21.59,21.27,21.35,24648400,19.71563
2012-04-12,21.51,22.08,21.38,22.01,19275600,20.32511
2012-04-13,21.88,22.05,21.55,21.67,19471700,20.01114
2012-04-16,21.83,21.93,21.35,21.51,16176700,19.86338
2012-04-17,21.78,21.78,21.38,21.58,16335600,19.92803
2012-04-18,21.55,21.86,21.27,21.76,23211800,20.09425
2012-04-19,21.63,21.9,21.45,21.45,11639800,19.80798
2012-04-20,21.62,21.79,21.46,21.46,8618900,19.81721
2012-04-23,21.21,21.3,21.05,21.28,15441000,19.65099
2012-04-24,21.33,21.39,21.11,21.24,13605300,19.61405
2012-04-25,21.38,21.49,20.81,21.13,26492000,19.51247
2012-04-26,20.9,21.33,20.83,21.24,22473600,19.61405
2012-04-27,21.35,21.35,20.87,20.93,14715700,19.32778
2012-04-30,20.97,21.29,20.88,21.29,16055600,19.66023
2012-05-02,21.26,22.06,21.21,22.0,27344800,20.31587
2012-05-03,21.99,22.25,21.33,21.4,22513100,19.7618
2012-05-04,21.26,21.37,20.2,20.48,38730900,18.91223
2012-05-07,20.45,20.72,20.1,20.58,23267200,19.00458
2012-05-08,20.4,20.49,20.01,20.26,23394000,18.70907
2012-05-09,20.05,20.25,19.78,20.16,24590100,18.61673
2012-05-10,20.3,20.5,19.92,19.92,19204300,18.3951
2012-05-11,19.71,20.05,19.53,19.53,22518900,18.03496
2012-05-14,19.08,19.25,18.9,18.9,26088300,17.45318
2012-05-15,19.0,19.27,18.49,18.49,31489100,17.07457
2012-05-16,19.27,19.6,18.95,19.29,53547000,17.81333
2012-05-17,19.44,19.44,18.43,18.43,32448400,17.01916
2012-05-18,18.6,19.21,18.43,19.07,30827600,17.61017
2012-05-22,20.32,20.5,19.7,19.71,25626200,18.20118
2012-05-23,19.66,19.79,18.9,19.23,26282100,17.75792
2012-05-24,19.34,19.56,18.56,18.7,24654800,17.26849
2012-05-25,18.72,19.1,18.53,18.64,18736600,17.21309
2012-05-28,18.95,19.15,18.78,18.79,8969900,17.3516
2012-05-29,18.91,19.22,18.7,18.85,23202700,17.40701
2012-05-30,18.56,18.68,18.32,18.35,23451100,16.94529
2012-05-31,18.48,19.13,18.08,19.13,30378300,17.66557
2012-06-01,18.53,19.02,18.39,18.8,30593200,17.36084
2012-06-04,18.84,19.26,18.68,19.11,23318400,17.64711
2012-06-05,19.21,19.32,18.74,18.8,20669600,17.36084
2012-06-06,19.05,19.32,18.96,19.09,28549100,17.62864
2012-06-08,19.05,19.2,18.66,18.88,22183800,17.43471
2012-06-11,19.11,19.19,18.39,18.39,23041400,16.98222
2012-06-12,18.45,18.67,18.32,18.6,24582800,17.17615
2012-06-13,18.53,18.92,18.4,18.9,27915700,17.45318
2012-06-14,18.55,18.78,18.15,18.17,40851900,16.77906
2012-06-15,18.27,18.55,17.83,18.55,29177900,17.12997
2012-06-19,19.0,19.99,18.95,19.65,49228700,18.14577
2012-06-20,19.73,20.15,19.65,19.9,31166100,18.37663
2012-06-21,20.01,20.07,19.27,19.27,27366300,17.79486
2012-06-22,19.4,19.66,19.06,19.55,20613400,18.05342
2012-06-25,18.7,18.89,17.8,17.8,48876000,16.43739
2012-06-26,18.04,18.25,17.76,18.0,36988300,16.62208
2012-06-27,18.0,18.21,17.62,17.64,21017200,16.28964
2012-06-28,17.6,18.0,17.42,17.7,21382900,16.34504
2012-06-29,18.24,18.33,17.97,18.25,23170100,16.85294
2012-07-02,18.1,18.49,17.97,18.36,19563100,16.95452
2012-07-03,18.52,19.13,18.4,18.99,29500800,17.53629
2012-07-04,18.89,19.22,18.79,18.95,12131600,17.49936
2012-07-05,19.1,19.79,19.05,19.6,36200100,18.0996
2012-07-06,19.35,19.5,19.1,19.2,21172600,17.73022
2012-07-10,19.1,19.18,18.35,18.39,30813600,16.98222
2012-07-11,18.51,18.8,18.21,18.54,21738400,17.12074
2012-07-12,18.3,18.73,18.04,18.58,25942400,17.15768
2012-07-13,19.55,19.64,19.33,19.55,51591200,18.05342
2012-07-17,19.43,19.59,19.12,19.25,16602300,17.77639
2012-07-18,19.15,19.33,18.98,19.33,17088900,17.85027
2012-07-19,19.33,19.77,19.33,19.62,20781700,18.11807
2012-07-20,19.38,19.56,19.11,19.18,19025100,17.71175
2012-07-23,18.87,19.04,18.41,18.96,21365500,17.50859
2012-07-24,19.05,19.2,18.63,18.79,19547500,17.3516
2012-07-25,19.0,19.21,18.75,19.0,17749100,17.54553
2012-07-26,19.26,19.41,19.0,19.26,20628300,17.78562
2012-07-27,19.45,20.18,19.31,20.17,37700800,18.62596
2012-07-30,20.06,20.31,19.81,20.31,22857600,18.75524
2012-07-31,20.31,20.31,19.43,19.5,38115700,18.00725
2012-08-01,19.5,19.92,19.1,19.82,27655700,18.30275
2012-08-02,19.55,20.04,19.41,19.6,25195600,18.0996
2012-08-03,19.98,20.27,19.86,19.94,30632200,18.41357
2012-08-06,19.02,20.26,18.83,19.92,55497300,18.3951
2012-08-07,20.15,20.64,20.07,20.25,35894000,18.69984
2012-08-08,20.39,21.2,20.25,21.18,41018800,19.55865
2012-08-09,20.91,21.13,20.7,21.0,23850500,19.39242
2012-08-10,20.82,21.19,20.75,21.07,18871200,19.45707
2012-08-13,21.02,21.29,20.91,21.03,19562400,19.42013
2012-08-14,21.15,21.35,20.81,20.84,19888700,19.24467
2012-08-15,20.78,21.11,20.74,21.05,27591300,19.4386
2012-08-16,21.3,21.53,21.14,21.46,21812100,19.81721
2012-08-17,21.57,21.6,21.32,21.55,17505500,19.90032
2012-08-21,21.86,21.88,21.16,21.24,30201500,19.61405
2012-08-22,21.12,21.53,21.03,21.49,20990800,19.84491
2012-08-23,21.4,21.51,21.14,21.28,16991200,19.65099
2012-08-24,21.1,21.49,21.05,21.23,23253600,19.60482
2012-08-27,21.27,21.39,21.03,21.37,14650800,19.7341
2012-08-28,21.26,21.49,21.26,21.34,12377900,19.7064
2012-08-29,21.49,21.52,21.1,21.21,19172200,19.58635
2012-08-30,21.09,21.26,20.9,21.04,15313800,19.42936
2012-08-31,21.15,21.21,20.75,20.75,23844000,19.16156
2012-09-03,20.77,20.87,20.5,20.68,9996000,19.09692
2012-09-04,20.63,20.74,20.38,20.43,14057800,18.86606
2012-09-05,20.55,20.7,20.28,20.59,13312900,19.01381
2012-09-06,20.67,21.14,20.6,21.0,18648700,19.39242
2012-09-10,21.44,21.54,21.14,21.23,22808700,19.60482
2012-09-11,21.27,21.76,21.25,21.72,18894200,20.05731
2012-09-12,21.81,22.07,21.68,21.99,27378300,20.30664
2012-09-13,21.94,23.06,21.81,22.9,40030600,21.14698
2012-09-14,23.07,23.84,23.05,23.3,46359700,21.51636
2012-09-17,23.17,23.69,22.86,23.27,30364400,21.48865
2012-09-18,23.34,23.44,23.05,23.2,16636100,21.42401
2012-09-19,23.15,23.34,22.65,22.67,29299800,20.93458
2012-09-20,22.54,23.2,22.42,22.93,20989200,21.17468
2012-09-21,23.15,23.25,22.7,22.7,18749000,20.96229
2012-09-24,22.66,23.02,22.55,22.96,18096300,21.20238
2012-09-25,22.96,23.1,22.6,22.74,25065400,20.99923
2012-09-26,22.52,22.82,22.46,22.77,18642400,21.02693
2012-09-27,22.9,22.99,22.69,22.71,18188700,20.97152
2012-09-28,22.55,22.65,22.2,22.37,18677900,20.65755
2012-10-01,22.33,22.84,22.31,22.51,15561200,20.78683
2012-10-02,22.67,22.8,22.34,22.7,15631500,20.96229
2012-10-03,22.76,22.88,22.28,22.34,22533600,20.62985
2012-10-04,22.36,22.57,22.02,22.4,22324900,20.68525
2012-10-05,22.68,22.68,22.2,22.25,14597000,20.54674
2012-10-08,22.1,22.49,22.1,22.41,13203900,20.69449
2012-10-09,22.45,22.6,22.19,22.22,16947700,20.51903
2012-10-10,22.27,43.0,22.11,22.12,15902900,20.42669
2012-10-11,22.27,22.6,22.2,22.5,21974800,20.7776
2012-10-15,22.55,22.85,22.43,22.8,23171500,21.05463
2012-10-16,22.94,23.1,22.54,22.8,21716400,21.05463
2012-10-17,22.74,22.88,22.55,22.62,27176000,20.88841
2012-10-18,22.55,22.65,22.3,22.5,30325000,20.7776
2012-10-19,22.53,22.6,22.22,22.25,19987600,20.54674
2012-10-22,22.33,22.55,22.01,22.05,19212700,20.36205
2012-10-23,21.94,21.97,21.5,21.67,25921300,20.01114
2012-10-24,21.73,21.81,21.4,21.54,10921300,19.89109
2012-10-25,21.71,22.03,21.64,21.75,11681200,20.08501
2012-10-26,21.69,22.41,21.61,22.1,25747300,20.40822
2012-10-29,21.5,21.6,21.17,21.35,20295900,19.71563
2012-10-30,21.4,21.68,21.4,21.53,8471800,19.88185
2012-10-31,21.63,21.72,20.8,20.8,29805900,19.20773
2012-11-01,20.92,21.06,20.68,20.85,22638800,19.25391
2012-11-05,20.63,21.45,20.43,21.24,22746700,19.61405
2012-11-06,21.44,21.8,21.27,21.68,21288700,20.02037
2012-11-07,21.62,21.72,21.04,21.18,23550600,19.55865
2012-11-08,21.2,21.35,20.5,20.61,22965500,19.03228
2012-11-09,20.55,21.11,20.52,20.78,20890300,19.18927
2012-11-12,20.83,20.96,20.31,20.44,16831600,18.87529
2012-11-13,20.44,20.67,20.17,20.47,25641500,18.903
2012-11-14,20.29,20.54,19.66,19.8,28281900,18.28429
2012-11-16,19.67,19.8,18.84,19.03,33874400,17.57323
2012-11-19,19.44,19.62,19.13,19.13,22437000,17.66557
2012-11-21,19.47,19.56,18.62,18.62,32393400,17.19462
2012-11-22,18.81,18.95,18.45,18.65,16757000,17.22232
2012-11-23,18.65,19.2,18.5,19.17,19514100,17.70251
2012-11-26,19.13,19.13,18.7,18.82,18004000,17.37931
2012-11-27,18.92,19.29,18.36,18.51,31833300,17.09304
2012-11-28,18.44,18.9,18.35,18.65,25941300,17.22232
2012-11-29,19.0,19.15,18.74,19.15,26702100,17.68404
2012-11-30,19.09,19.28,18.51,18.66,37179700,17.23155
2012-12-03,18.88,19.04,18.71,19.0,21174100,17.54553
2012-12-04,19.04,19.14,18.72,18.82,24541800,17.37931
2012-12-05,19.0,19.01,18.74,18.94,16822600,17.49012
2012-12-06,18.92,18.98,18.7,18.7,21476900,17.26849
2012-12-07,18.77,19.24,18.66,19.08,17573000,17.6194
2012-12-10,19.04,19.7,18.94,19.57,23131600,18.07189
2012-12-11,19.67,19.99,19.61,19.99,27429800,18.45974
2012-12-12,19.93,20.05,19.68,19.85,34706800,18.33046
2012-12-13,19.73,19.83,19.45,19.57,32701400,18.07189
2012-12-14,19.59,20.28,19.53,20.21,44756300,18.6629
2012-12-17,20.08,20.14,19.8,19.92,28421900,18.3951
2012-12-18,19.86,20.26,19.85,20.17,24685000,18.62596
2012-12-19,20.4,20.99,20.4,20.93,48430400,19.32778
2012-12-20,20.87,21.17,20.63,21.05,25639600,19.4386
2012-12-21,20.66,20.74,20.39,20.69,29390200,19.10616
2012-12-26,20.54,20.68,20.0,20.06,24075000,18.52438
2012-12-27,20.06,20.17,19.35,19.41,29298500,17.92414
2012-12-28,19.5,19.63,19.3,19.52,28368600,18.02572
2013-01-02,19.99,20.21,19.69,19.69,30182600,18.18271
2013-01-03,19.81,20.4,19.7,20.4,30552600,18.83836
2013-01-04,20.33,20.62,20.17,20.43,36141000,18.86606
2013-01-07,20.48,20.67,19.95,20.08,28069600,18.54285
2013-01-08,20.11,20.23,19.46,19.5,29091300,18.00725
2013-01-09,19.64,19.87,19.46,19.68,24361100,18.17347
2013-01-10,19.77,20.05,19.54,19.83,17526200,18.31199
2013-01-11,19.85,20.04,19.7,19.88,18223600,18.35816
2013-01-14,20.01,20.24,19.69,19.72,28302400,18.21041
2013-01-15,20.01,20.24,19.69,19.82,29633900,18.30275
2013-01-16,19.89,19.89,19.6,19.84,16787800,18.32122
2013-01-17,19.86,19.93,19.6,19.71,19719600,18.20118
2013-01-18,19.8,19.89,19.54,19.58,18913900,18.08113
2013-01-21,19.57,19.6,19.27,19.39,18086200,17.90567
2013-01-22,19.42,19.61,19.23,19.58,23535100,18.08113
2013-01-23,19.42,19.63,19.23,19.55,17200800,18.05342
2013-01-24,19.37,19.75,19.37,19.61,19612600,18.10883
2013-01-28,19.73,19.81,19.27,19.37,20122600,17.8872
2013-01-29,19.35,19.37,18.84,19.11,27097900,17.64711
2013-01-30,18.99,18.99,18.17,18.2,66985800,16.80677
2013-01-31,18.26,18.33,17.9,18.08,33246400,16.69595
2013-02-01,18.14,18.65,18.12,18.46,28860400,17.04686
2013-02-04,18.16,18.35,17.89,18.0,32294300,16.62208
2013-02-05,17.28,18.29,17.26,18.08,77332900,16.69595
2013-02-06,17.93,18.0,17.53,17.6,30886100,16.2527
2013-02-07,17.75,17.98,17.32,17.5,37066400,16.16035
2013-02-08,17.55,17.78,17.38,17.74,31068100,16.38198
2013-02-13,17.95,18.0,17.73,17.8,22328200,16.43739
2013-02-14,17.79,17.9,17.58,17.67,25902900,16.31734
2013-02-15,17.61,17.79,17.53,17.63,25001600,16.2804
2013-02-18,17.64,17.95,17.52,17.9,20291600,16.52973
2013-02-19,17.91,18.18,17.89,18.1,28822000,16.71442
2013-02-20,18.1,18.1,17.55,17.62,25939500,16.27117
2013-02-21,17.47,17.57,17.2,17.32,30382300,15.99413
2013-02-22,17.51,17.51,17.01,17.15,30901800,15.83715
2013-02-25,17.05,17.1,16.85,16.95,30504000,15.65246
2013-02-26,16.78,16.86,16.53,16.74,33405100,15.45853
2013-02-27,16.79,16.98,16.64,16.81,28607500,15.52317
2013-02-28,16.76,16.85,16.55,16.61,27829200,15.33849
2013-03-01,16.5,17.02,16.4,16.9,31519900,15.60628
2013-03-04,16.82,17.1,16.48,16.5,35543300,15.23691
2013-03-05,16.63,16.76,16.47,16.56,31669900,15.29231
2013-03-06,17.6,18.27,17.22,18.05,73898000,16.66825
2013-03-07,18.31,19.58,18.31,18.95,62419400,17.49936
2013-03-08,18.79,19.32,18.16,18.37,30589700,16.96376
2013-03-11,18.29,18.97,17.92,18.93,25088800,17.48089
2013-03-12,18.85,19.14,18.63,18.74,26135700,17.30543
2013-03-13,18.81,19.2,18.73,18.76,31665300,17.3239
2013-03-14,18.98,19.38,18.6,19.38,27172500,17.89644
2013-03-15,19.4,19.55,19.01,19.09,43819400,17.62864
2013-03-18,18.9,19.35,18.84,19.2,40451100,17.73022
2013-03-19,18.9,19.35,18.83,19.1,33822900,17.63787
2013-03-20,19.05,19.16,18.68,18.85,27636600,17.40701
2013-03-21,18.72,18.86,18.49,18.53,21978600,17.11151
2013-03-22,18.55,18.71,18.46,18.63,16137700,17.20385
2013-03-25,18.73,18.82,18.42,18.63,24340200,17.20385
2013-03-26,18.73,18.88,18.48,18.59,15781800,17.16691
2013-03-27,18.6,18.61,18.35,18.42,13305100,17.00993
2013-04-01,18.27,18.38,18.02,18.03,15544900,16.64978
2013-04-02,18.27,18.38,17.67,17.7,20565900,16.34504
2013-04-03,17.68,18.02,17.68,18.0,15685100,16.62208
2013-04-04,17.95,18.21,17.7,17.72,19446600,16.36351
2013-04-05,17.58,17.91,17.55,17.8,17060000,16.43739
2013-04-08,17.86,17.91,17.34,17.41,21977500,16.07724
2013-04-09,17.48,18.25,17.48,18.15,30757500,16.7606
2013-04-10,18.21,18.65,18.17,18.42,31780200,17.00993
2013-04-11,18.47,18.53,17.87,17.99,22207700,16.61284
2013-04-12,17.94,18.08,17.53,17.96,27398100,16.58514
2013-04-15,17.7,17.83,17.12,17.23,35788600,15.91102
2013-04-16,17.47,17.75,17.43,17.7,23747400,16.34504
2013-04-17,17.44,17.6,16.98,17.17,39388400,15.85562
2013-04-18,17.32,17.94,17.12,17.82,28503000,16.45586
2013-04-19,18.15,18.48,17.95,18.48,38352400,17.06533
2013-04-22,18.37,18.79,18.17,18.79,24193100,17.3516
2013-04-23,18.71,19.52,18.66,19.18,34735500,17.71175
2013-04-24,19.06,19.66,19.01,19.45,33313000,17.96108
2013-04-25,19.47,19.69,19.14,19.17,35164600,17.70251
2013-04-29,20.0,20.58,19.94,19.57,70739800,18.07189
2013-04-30,19.65,20.1,19.44,20.09,45900400,18.91946
2013-05-02,19.85,20.63,19.85,20.25,33746700,19.07013
2013-05-03,20.49,20.66,19.89,20.0,43006300,18.8347
2013-05-06,20.01,20.37,19.82,20.35,31141800,19.16431
2013-05-07,20.4,20.74,20.28,20.62,26392200,19.41858
2013-05-08,20.75,20.82,20.22,20.29,24409000,19.1078
2013-05-09,20.25,20.52,20.09,20.24,22864300,19.06072
2013-05-10,20.16,20.39,19.71,19.95,22031200,18.78761
2013-05-13,19.81,19.85,19.38,19.39,21577600,18.26024
2013-05-14,19.53,19.68,19.25,19.55,30643700,18.41092
2013-05-15,19.5,19.64,19.33,19.57,21869300,18.42975
2013-05-16,19.52,20.08,19.46,19.75,25067200,18.59927
2013-05-17,19.91,20.05,19.79,19.89,19040100,18.73111
2013-05-20,19.91,20.25,19.56,20.2,30571700,19.02305
2013-05-21,20.19,20.38,19.98,20.24,23442000,19.06072
2013-05-22,20.27,20.4,19.68,19.92,35008900,18.75936
2013-05-23,19.55,19.86,19.48,19.86,33324000,18.70286
2013-05-24,19.89,20.16,19.79,20.05,37019600,18.88179
2013-05-27,20.01,20.15,19.92,19.94,5829800,18.7782
2013-05-28,20.16,20.34,20.01,20.07,27705200,18.90062
2013-05-29,19.92,20.07,19.8,19.85,24961000,18.69344
2013-05-31,19.87,20.36,19.8,20.05,35298900,18.88179
2013-06-03,20.11,20.44,19.94,20.29,30659400,19.1078
2013-06-04,20.46,20.47,19.96,20.07,24447600,18.90062
2013-06-05,20.0,20.13,19.32,19.42,32247700,18.28849
2013-06-06,19.46,19.55,19.08,19.46,27173200,18.32616
2013-06-07,18.95,19.27,18.72,18.84,38700300,17.74229
2013-06-10,18.84,19.12,18.83,18.88,20083800,17.77996
2013-06-11,18.65,18.79,18.23,18.53,32153800,17.45035
2013-06-12,18.67,18.8,18.06,18.12,37220900,17.06424
2013-06-13,18.1,19.02,17.94,18.8,31233400,17.70462
2013-06-14,18.65,18.86,18.0,18.06,38201000,17.00773
2013-06-17,18.45,18.53,17.96,18.09,24946300,17.03599
2013-06-18,17.95,18.08,17.62,17.83,31790400,16.79113
2013-06-19,17.89,17.95,17.15,17.2,39085200,16.19784
2013-06-20,16.9,17.27,16.5,17.02,63934700,16.02833
2013-06-21,16.93,16.93,16.4,16.46,42577100,15.50096
2013-06-24,15.97,16.25,15.57,15.91,40535500,14.983
2013-06-25,16.1,16.39,15.87,16.0,32074100,15.06776
2013-06-26,16.14,16.44,16.08,16.15,29858400,15.20902
2013-06-27,16.22,16.6,16.17,16.38,26451400,15.42562
2013-06-28,16.35,16.35,15.94,16.17,33968700,15.22785
2013-07-01,16.35,16.35,15.94,16.16,22732600,15.21844
2013-07-02,16.05,16.25,15.11,15.39,55953200,14.4933
2013-07-03,15.24,15.98,15.15,15.9,50191800,14.97359
2013-07-04,16.1,16.17,15.88,15.96,23818500,15.03009
2013-07-05,15.81,15.82,14.94,15.15,49067400,14.26728
2013-07-08,15.2,15.35,14.97,15.0,22430900,14.12602
2013-07-10,15.18,15.44,15.06,15.25,20890800,14.36146
2013-07-11,15.52,15.83,15.25,15.76,34049700,14.84174
2013-07-12,15.66,15.92,15.27,15.43,23796600,14.53097
2013-07-15,15.45,15.69,15.35,15.54,20392700,14.63456
2013-07-16,15.64,15.8,15.47,15.75,21047000,14.83233
2013-07-17,15.91,16.2,15.87,16.06,29311200,15.12426
2013-07-18,16.0,16.29,15.91,16.1,23440300,15.16193
2013-07-19,16.07,16.1,15.85,15.98,18711400,15.04892
2013-07-22,15.97,16.49,15.9,16.3,25517000,15.35028
2013-07-23,16.41,16.66,16.38,16.41,25271000,15.45387
2013-07-24,16.37,16.55,16.15,16.39,24012400,15.43504
2013-07-25,16.24,16.88,16.21,16.84,37212500,15.85882
2013-07-29,16.99,17.06,16.63,16.68,17729600,15.70814
2013-07-30,16.78,16.82,16.36,16.46,22635200,15.50096
2013-07-31,16.33,16.5,16.17,16.29,23703200,15.34086
2013-08-01,16.7,17.04,16.6,16.94,31759700,15.95299
2013-08-02,16.87,17.04,16.69,16.81,17726400,15.83056
2013-08-05,16.77,16.87,16.54,16.65,15018300,15.67989
2013-08-06,16.68,16.7,16.1,16.28,25592100,15.33145
2013-08-07,16.27,16.46,16.1,16.25,17681900,15.30319
2013-08-08,16.35,16.85,16.2,16.65,25830400,15.67989
2013-08-09,16.74,17.12,16.52,17.08,31884100,16.08483
2013-08-12,17.3,17.66,16.47,16.6,54624200,15.6328
2013-08-13,16.65,16.66,16.17,16.37,34946200,15.4162
2013-08-14,16.36,17.0,16.29,16.95,53853000,15.96241
2013-08-15,16.7,17.96,16.67,17.83,81143700,16.79113
2013-08-16,17.76,18.06,17.42,17.78,37711200,16.74405
2013-08-19,17.45,18.03,17.36,17.83,49861800,16.79113
2013-08-20,17.71,17.85,17.11,17.13,30368900,16.13192
2013-08-21,17.07,17.78,17.04,17.34,43315900,16.32968
2013-08-22,17.8,18.37,17.63,18.26,52679300,17.19608
2013-08-23,18.12,18.59,18.12,18.55,32500500,17.46918
2013-08-26,18.5,18.69,18.17,18.19,17906800,17.13016
2013-08-27,17.95,18.05,17.45,17.45,29023800,16.43328
2013-08-28,17.51,17.75,17.09,17.16,30051100,16.16017
2013-08-29,17.32,17.48,16.85,16.9,24162000,15.91532
2013-08-30,17.32,17.48,16.52,16.99,38933500,16.00008
2013-09-02,17.15,17.23,16.86,16.94,19051300,15.95299
2013-09-03,16.89,17.13,16.68,16.78,31474500,15.80231
2013-09-04,16.63,16.94,16.56,16.85,36993600,15.86823
2013-09-05,16.86,17.81,16.84,17.54,47992900,16.51803
2013-09-06,17.8,18.0,17.46,17.75,30863700,16.7158
2013-09-09,17.77,18.22,17.77,18.17,29932300,17.11132
2013-09-10,18.25,18.54,18.17,18.34,29063300,17.27142
2013-09-11,18.29,18.54,18.07,18.25,27324600,17.18666
2013-09-12,18.17,18.4,17.75,17.85,47880700,16.80997
2013-09-13,17.85,18.27,17.8,18.13,18359900,17.07365
2013-09-16,18.43,18.72,18.17,18.45,33961100,17.37501
2013-09-17,18.59,18.6,18.3,18.53,18948400,17.45035
2013-09-18,18.41,19.0,18.16,18.9,30957700,17.79879
2013-09-19,18.96,19.31,18.76,19.16,24470200,18.04364
2013-09-20,19.09,19.18,18.78,18.94,18955300,17.83646
2013-09-23,19.09,19.22,18.78,19.15,13990200,18.03422
2013-09-24,19.09,19.22,18.75,18.77,18969200,17.67637
2013-09-25,18.73,18.92,18.62,18.8,17152400,17.70462
2013-09-26,18.82,18.82,18.52,18.59,18168900,17.50685
2013-09-27,18.57,18.82,18.44,18.48,19065700,17.40326
2013-09-30,18.57,19.04,18.34,18.36,32326800,17.29025
2013-10-01,18.53,18.69,18.37,18.67,15455100,17.58219
2013-10-02,18.58,18.84,18.54,18.78,10870500,17.68578
2013-10-03,18.8,18.83,18.43,18.54,18453900,17.45977
2013-10-04,18.39,18.68,18.07,18.67,27996700,17.58219
2013-10-07,18.57,18.83,18.5,18.62,18500000,17.53511
2013-10-08,18.66,18.77,18.2,18.31,23379200,17.24317
2013-10-09,18.4,18.46,17.97,18.07,19516400,17.01715
2013-10-10,18.26,18.35,18.01,18.15,22821900,17.09249
2013-10-11,18.15,18.31,17.99,18.1,18833200,17.0454
2013-10-14,18.06,18.32,17.94,18.27,21569300,17.2055
2013-10-15,18.34,18.48,18.18,18.42,27224300,17.34676
2013-10-16,18.47,18.65,18.16,18.35,35018800,17.28084
2013-10-17,18.27,18.53,18.16,18.21,26905100,17.14899
2013-10-18,18.22,18.39,17.83,17.93,28111800,16.88531
2013-10-21,17.99,18.98,17.71,18.88,51907400,17.77996
2013-10-22,18.96,19.06,18.51,18.55,32733500,17.46918
2013-10-23,18.55,18.85,18.21,18.33,21433300,17.262
2013-10-24,18.36,18.57,18.04,18.24,22513200,17.17725
2013-10-25,18.23,18.73,18.2,18.49,30298000,17.41268
2013-10-28,19.42,19.9,19.01,19.89,73626100,18.73111
2013-10-29,19.71,19.96,19.33,19.7,33394100,18.55218
2013-10-30,19.83,20.11,19.16,19.95,54345800,18.78761
2013-10-31,19.96,20.56,19.85,20.43,41785200,19.23965
2013-11-01,20.12,20.35,19.82,19.86,43494000,18.70286
2013-11-04,19.99,20.28,19.95,20.22,20508100,19.04188
2013-11-05,20.29,20.41,20.05,20.25,30093900,19.07013
2013-11-06,20.29,20.41,20.08,20.41,21824900,19.22081
2013-11-07,20.27,20.63,19.91,20.0,20998800,18.8347
2013-11-08,19.95,20.07,19.6,19.64,28408100,18.49567
2013-11-11,19.66,20.12,19.5,20.09,22190300,18.91946
2013-11-12,20.06,20.25,19.45,19.55,24586900,18.41092
2013-11-13,19.55,19.99,19.25,19.94,31361100,18.7782
2013-11-14,20.0,20.5,19.96,20.45,24679800,19.25848
2013-11-18,20.5,21.44,20.46,21.44,45214900,20.1908
2013-11-19,21.3,21.37,20.86,21.11,42654300,19.88003
2013-11-21,20.5,21.13,20.39,20.9,35845800,19.68226
2013-11-22,20.75,21.2,20.64,20.67,23810600,19.46566
2013-11-25,20.83,20.95,20.31,20.36,17132300,19.17372
2013-11-26,19.9,20.04,19.08,19.08,38515500,17.9683
2013-11-27,19.21,19.36,18.81,18.97,29298900,17.86471
2013-11-28,18.95,19.22,18.55,18.66,28872500,17.57277
2013-11-29,18.89,19.39,18.77,19.12,37804300,18.00597
2013-12-02,17.86,18.07,17.35,17.36,78353000,16.34852
2013-12-03,17.45,17.88,17.05,17.51,45735400,16.48978
2013-12-04,17.76,17.76,17.37,17.46,27512500,16.44269
2013-12-05,17.76,17.83,17.37,17.63,25337400,16.60279
2013-12-06,17.73,17.78,17.18,17.23,32578300,16.22609
2013-12-09,17.32,17.47,17.12,17.45,13696800,16.43328
2013-12-10,17.36,17.46,17.26,17.3,14608900,16.29201
2013-12-11,17.28,17.34,16.72,16.78,21615100,15.80231
2013-12-12,16.85,17.02,16.69,16.86,21980300,15.87765
2013-12-13,16.99,17.24,16.91,17.22,28058000,16.21668
2013-12-16,17.25,17.5,17.08,17.34,32498700,16.32968
2013-12-17,17.21,17.35,16.8,16.8,29001000,15.82115
2013-12-18,16.95,17.17,16.83,16.84,22817200,15.85882
2013-12-19,17.12,17.29,16.87,17.25,17906300,16.24493
2013-12-20,17.25,17.29,16.8,16.91,26875500,15.92474
2013-12-23,17.02,17.17,16.87,17.06,11520400,16.066
2013-12-26,17.15,17.19,16.89,16.92,15294800,15.93416
2013-12-27,17.0,17.02,16.82,16.93,15114200,15.94357
2013-12-30,16.95,17.25,16.95,17.08,10598500,16.08483
2014-01-02,17.15,17.2,16.65,16.75,17284800,15.77406
2014-01-03,16.74,16.78,16.41,16.5,17837600,15.53863
2014-01-06,16.45,16.64,16.16,16.62,20526500,15.65164
2014-01-07,16.65,16.83,16.12,16.16,19052500,15.21844
2014-01-08,16.27,16.39,16.14,16.19,15874600,15.24669
2014-01-09,16.19,16.29,15.65,15.7,25871700,14.78524
2014-01-10,15.76,16.3,15.66,15.97,30221300,15.03951
2014-01-13,16.01,16.11,15.64,15.77,21660900,14.85116
2014-01-14,15.71,15.87,15.62,15.7,16339200,14.78524
2014-01-15,15.79,16.15,15.69,16.04,25748600,15.10543
2014-01-16,16.04,16.19,15.57,15.59,32946000,14.68165
2014-01-17,15.72,15.77,15.45,15.51,22865900,14.60631
2014-01-20,15.45,15.61,15.14,15.18,17725000,14.29554
2014-01-21,15.22,15.5,15.2,15.34,19893400,14.44621
2014-01-22,15.42,15.9,15.27,15.84,44870600,14.91708
2014-01-23,15.67,15.91,15.46,15.47,24150400,14.56864
2014-01-24,15.38,15.44,14.98,15.1,27964100,14.2202
2014-01-27,15.21,15.29,15.04,15.11,20818700,14.22962
2014-01-28,15.36,15.44,15.02,15.05,22373700,14.17311
2014-01-29,15.06,15.14,14.7,14.8,25561100,13.93768
2014-01-30,14.88,15.1,14.63,14.7,25607800,13.8435
2014-01-31,14.64,15.07,14.55,14.7,49314200,13.8435
2014-02-03,14.59,14.63,13.8,13.85,51667600,13.04303
2014-02-04,14.04,14.22,13.77,14.09,36400300,13.26905
2014-02-05,14.15,14.28,13.56,13.83,39232600,13.02419
2014-02-06,13.94,14.36,13.88,14.21,32126900,13.38205
2014-02-07,14.27,14.55,14.16,14.45,34263100,13.60807
2014-02-10,14.36,14.7,14.33,14.61,29123100,13.75875
2014-02-11,14.71,15.07,14.64,14.96,28992000,14.08836
2014-02-12,15.08,15.1,14.78,14.96,23713700,14.08836
2014-02-13,14.78,14.83,14.44,14.61,28201900,13.75875
2014-02-14,14.71,14.71,14.47,14.58,27084100,13.7305
2014-02-17,14.65,14.7,14.31,14.43,13181700,13.58924
2014-02-18,14.42,14.58,14.11,14.11,31555400,13.28788
2014-02-19,14.02,14.2,13.88,14.2,28362700,13.37264
2014-02-20,14.06,14.34,13.98,14.16,24473700,13.33497
2014-02-21,14.2,14.32,14.07,14.15,18689200,13.32555
2014-02-24,14.11,14.57,14.01,14.5,20993900,13.65516
2014-02-25,14.45,14.67,14.11,14.18,35828100,13.3538
2014-02-26,14.2,14.25,13.68,13.68,45181500,12.88293
2014-02-27,13.82,14.1,13.65,14.04,23575900,13.22196
2014-02-28,14.1,14.15,13.58,13.59,28318200,12.79818
2014-03-05,13.7,13.73,13.28,13.29,15287200,12.51566
2014-03-06,13.42,13.72,13.31,13.43,29223600,12.6475
2014-03-07,13.43,13.62,13.21,13.32,33482800,12.54391
2014-03-10,13.27,13.37,12.9,13.01,39540700,12.25197
2014-03-11,13.06,13.17,12.96,13.11,37605100,12.34615
2014-03-12,13.11,13.46,13.08,13.32,42963100,12.54391
2014-03-13,13.39,13.48,13.03,13.11,22769800,12.34615
2014-03-14,13.08,13.12,12.77,12.78,34674800,12.03537
2014-03-17,12.88,12.96,12.55,12.57,39457400,11.83761
2014-03-18,12.64,13.05,12.57,12.97,45126500,12.2143
2014-03-19,12.95,13.53,12.93,13.34,51670900,12.56274
2014-03-20,13.23,14.04,13.16,13.99,58253000,13.17487
2014-03-21,13.45,14.15,13.45,14.02,49269400,13.20312
2014-03-24,14.17,14.43,13.87,14.4,34293400,13.56098
2014-03-25,14.26,14.6,14.13,14.48,40256700,13.63632
2014-03-26,14.55,14.69,14.35,14.4,29664700,13.56098
2014-03-27,14.39,15.58,14.32,15.57,77808100,14.66281
2014-03-28,15.57,15.77,15.2,15.66,42344400,14.74757
2014-03-31,15.71,15.79,15.5,15.78,28288900,14.86058
2014-04-01,15.72,15.85,15.48,15.81,36206100,14.88883
2014-04-02,15.71,16.6,15.7,16.6,66007000,15.6328
2014-04-03,15.53,15.65,15.12,15.4,56189100,15.4
2014-04-04,15.62,15.71,15.35,15.44,33173500,15.44
2014-04-07,15.7,16.46,15.7,16.46,50400200,16.46
2014-04-08,16.8,17.07,15.72,15.99,69307600,15.99
2014-04-09,15.91,15.94,15.42,15.85,41775400,15.85
2014-04-10,15.66,16.05,15.55,15.68,27907900,15.68
2014-04-11,15.53,16.2,15.41,16.19,42898300,16.19
2014-04-14,16.28,16.36,15.83,15.93,26799700,15.93
2014-04-15,15.76,16.09,15.13,15.32,35870400,15.32
2014-04-16,15.59,15.78,15.24,15.78,28674000,15.78
2014-04-17,15.9,16.6,15.54,16.38,44689200,16.38
2014-04-22,16.31,16.67,15.84,15.96,44896500,15.96
2014-04-23,15.97,16.07,15.75,16.03,22259300,16.03
2014-04-24,16.2,16.33,15.87,16.13,30473600,16.13
2014-04-25,15.95,16.06,15.65,16.03,31426800,16.03
2014-04-28,15.95,16.57,15.77,16.56,31782200,16.56
2014-04-29,16.68,17.1,16.51,16.69,42027100,16.69
2014-04-30,16.6,16.74,16.39,16.56,27166100,16.56
2014-05-02,16.55,17.73,16.51,17.6,52627500,17.6
2014-05-05,17.65,17.77,17.31,17.57,35540000,17.57
2014-05-06,17.43,18.48,17.31,18.24,48256400,18.24
2014-05-07,18.14,18.85,18.07,18.58,44239500,18.58
2014-05-08,18.6,18.8,17.75,17.88,53471600,17.88
2014-05-09,18.05,18.24,17.6,17.67,34395600,17.67
2014-05-12,17.95,18.1,17.77,18.03,20657400,18.03
2014-05-13,18.0,18.4,17.86,17.96,27465400,17.96
2014-05-14,17.96,18.34,17.85,18.29,23462900,18.29
2014-05-15,18.17,18.23,17.93,18.03,20492100,18.03
2014-05-16,18.0,18.37,17.91,18.05,26139800,18.05
2014-05-19,17.98,18.04,17.82,17.94,25935900,17.94
2014-05-20,17.9,18.38,17.1,17.3,54506300,17.3
2014-05-21,17.46,17.82,17.1,17.46,40672100,17.46
2014-05-22,17.51,17.77,17.34,17.65,32321300,17.65
2014-05-23,17.58,17.83,17.55,17.7,18155800,17.7
2014-05-26,17.8,17.91,17.71,17.86,7387500,17.86
2014-05-27,17.93,18.03,17.41,17.49,23285500,17.49
2014-05-28,17.55,17.79,17.26,17.7,22457200,17.7
2014-05-29,17.75,17.8,17.29,17.3,19559700,17.3
2014-05-30,17.18,17.25,16.62,16.65,25975000,16.65
2014-06-02,16.8,16.87,16.38,16.6,26475500,16.6
2014-06-03,16.53,16.96,16.47,16.9,20600300,16.9
2014-06-04,16.85,16.93,16.52,16.6,20905900,16.6
2014-06-05,16.71,16.83,16.29,16.32,23391100,16.32
2014-06-06,17.38,17.68,17.11,17.68,55365700,17.68
2014-06-09,17.57,18.24,17.38,18.07,47362400,18.07
2014-06-10,18.04,18.67,17.81,18.34,35832900,18.34
2014-06-11,18.7,18.96,18.3,18.88,48370800,18.88
2014-06-13,18.63,19.07,18.61,18.99,28004000,18.99
2014-06-16,19.0,19.13,18.64,18.74,30910300,18.74
2014-06-17,18.65,18.68,18.2,18.32,18040600,18.32
2014-06-18,18.41,19.03,18.25,19.0,43019700,19.0
2014-06-20,18.65,18.99,18.58,18.7,22486300,18.7
2014-06-23,18.75,18.75,18.3,18.3,14243200,18.3
2014-06-24,18.29,18.89,17.49,17.64,53971000,17.64
2014-06-25,17.2,17.77,17.13,17.29,48346300,17.29
2014-06-26,17.47,17.57,17.01,17.32,23470100,17.32
2014-06-27,17.25,17.39,17.1,17.2,16716300,17.2
2014-06-30,17.36,17.55,17.04,17.29,20962900,17.29
2014-07-01,17.35,17.45,16.92,17.19,22945200,17.19
2014-07-02,17.19,17.33,16.97,17.12,28670600,17.12
2014-07-03,16.9,17.53,16.85,17.5,26634700,17.5
2014-07-04,17.43,17.55,17.35,17.5,9431900,17.5
2014-07-07,17.41,17.44,17.14,17.32,18701200,17.32
2014-07-08,17.36,17.42,17.17,17.33,11504900,17.33
2014-07-10,17.78,18.17,17.62,18.11,35913600,18.11
2014-07-11,18.07,18.32,17.8,18.24,20928900,18.24
2014-07-14,18.48,19.18,18.42,19.1,70399100,19.1
2014-07-15,19.1,19.37,18.83,19.26,43433200,19.26
2014-07-16,19.35,19.39,19.08,19.31,27591400,19.31
2014-07-17,19.2,19.92,19.12,19.56,57411200,19.56
2014-07-18,20.81,20.87,20.15,20.52,90435000,20.52
2014-07-21,20.43,21.02,20.26,20.9,44723800,20.9
2014-07-22,20.9,21.23,20.56,21.05,62443400,21.05
2014-07-23,20.56,20.74,20.17,20.26,42981200,20.26
2014-07-24,20.36,20.44,19.95,20.31,37644700,20.31
2014-07-25,20.41,20.57,20.28,20.49,25149900,20.49
2014-07-28,20.57,20.6,20.09,20.15,24552600,20.15
2014-07-29,20.1,20.12,19.56,19.62,38234000,19.62
2014-07-30,19.7,20.05,19.63,19.85,28062900,19.85
2014-07-31,19.6,19.65,19.01,19.1,36467700,19.1
2014-08-01,19.01,19.21,18.72,19.0,30658500,19.0
2014-08-04,19.15,19.56,18.87,19.45,22501200,19.45
2014-08-05,19.46,20.09,19.3,19.7,53674100,19.7
2014-08-06,19.84,20.54,19.67,20.31,72879400,20.31
2014-08-07,20.6,20.69,19.88,20.15,54256300,20.15
2014-08-08,19.8,19.86,19.25,19.31,41930500,19.31
2014-08-11,19.37,20.2,19.22,20.14,35596700,20.14
2014-08-12,20.09,20.29,19.57,19.67,30507300,19.67
2014-08-13,19.75,19.93,18.5,18.69,100212700,18.69
2014-08-14,18.68,19.05,18.33,18.6,45332400,18.6
2014-08-15,18.9,20.1,18.9,20.06,63042700,20.06
2014-08-18,20.55,20.73,19.82,20.4,66860700,20.4
2014-08-19,20.21,20.99,20.17,20.91,43132900,20.91
2014-08-20,20.8,21.49,20.71,21.36,54453400,21.36
2014-08-21,21.25,21.67,21.07,21.3,40823700,21.3
2014-08-22,21.14,21.32,20.73,20.92,34438300,20.92
2014-08-25,21.22,22.07,21.12,22.04,45475600,22.04
2014-08-26,22.03,22.52,21.78,21.84,52291300,21.84
2014-08-27,22.15,23.21,21.9,22.84,73536500,22.84
2014-08-28,22.69,23.33,22.55,22.8,57631800,22.8
2014-08-29,23.15,23.59,22.6,23.36,56848900,23.36
2014-09-01,23.95,24.59,23.66,23.83,40238800,23.83
2014-09-02,24.0,24.9,23.4,24.56,67713100,24.56
2014-09-03,24.84,24.88,23.6,23.95,60151400,23.95
2014-09-04,23.09,24.0,22.7,22.79,66914600,22.79
2014-09-05,22.75,23.3,22.43,22.82,54256100,22.82
2014-09-08,23.42,23.68,21.5,21.7,79759300,21.7
2014-09-09,21.51,22.19,21.12,21.48,71764400,21.48
2014-09-10,21.16,21.48,20.6,20.95,61903500,20.95
2014-09-11,21.18,21.73,21.0,21.21,51526700,21.21
2014-09-12,20.87,21.0,19.85,20.14,82475400,20.14
2014-09-15,20.25,20.66,20.06,20.55,53328400,20.55
2014-09-16,20.76,22.38,20.7,21.55,99328900,21.55
2014-09-17,22.33,22.53,21.86,22.12,54823000,22.12
2014-09-18,21.85,22.12,21.18,21.29,57148100,21.29
2014-09-19,21.0,21.38,20.69,20.91,37077100,20.91
2014-09-22,20.45,20.6,19.68,20.59,66535200,20.59
2014-09-23,20.1,21.0,19.9,20.13,54737800,20.13
2014-09-24,19.95,20.61,19.84,20.23,38247100,20.23
2014-09-25,20.29,20.4,19.83,19.84,26626600,19.84
2014-09-26,19.9,21.24,19.8,20.94,43234500,20.94
2014-09-29,19.02,19.25,18.54,18.6,94418600,18.6
2014-09-30,18.49,18.65,17.75,18.09,81971800,18.09
2014-10-01,17.7,17.86,17.01,17.09,79170700,17.09
2014-10-02,17.4,17.72,16.86,17.3,65399500,17.3
2014-10-03,17.6,18.52,17.24,18.35,61990800,18.35
2014-10-06,21.5,21.5,20.09,20.39,114738800,20.39
2014-10-07,20.85,21.79,20.64,21.21,87446800,21.21
2014-10-08,21.8,21.85,20.01,20.85,104638500,20.85
2014-10-09,21.29,21.9,21.14,21.2,82449700,21.2
2014-10-10,20.05,20.05,20.05,20.05,64882800,20.05
2014-10-13,21.36,22.42,21.11,22.13,85183400,22.13
2014-10-14,21.6,21.6,21.6,21.6,80844400,21.6
2014-10-15,20.6,20.88,19.62,20.15,120546300,20.15
2014-10-16,19.01,19.5,18.56,18.65,97275600,18.65
2014-10-17,19.37,19.53,18.65,19.09,69545700,19.09
2014-10-20,17.98,17.98,17.98,17.98,70794900,17.98
2014-10-21,16.9,16.9,16.9,16.9,105185600,16.9
2014-10-22,16.81,17.25,16.38,16.61,62049400,16.61
2014-10-23,16.37,16.45,15.41,15.41,110386000,15.41
2014-10-24,15.8,16.89,15.52,16.3,100322000,16.3
2014-10-27,14.52,14.52,14.52,14.52,215365600,14.52
2014-10-28,14.9,15.08,14.63,15.03,95132900,15.03
2014-10-29,14.77,14.79,14.0,14.02,89851000,14.02
2014-10-30,14.6,14.69,14.01,14.32,75048900,14.32
2014-10-31,14.58,15.28,14.37,15.28,47932400,15.28
2014-11-03,14.96,15.1,14.55,14.85,44102700,14.85
2014-11-04,15.0,15.03,14.37,14.82,45408900,14.82
2014-11-05,14.5,14.62,14.33,14.4,37011900,14.4
2014-11-06,14.28,14.28,13.78,14.06,55337600,14.06
2014-11-07,14.25,14.63,13.52,14.27,77503900,14.27
2014-11-10,14.3,14.37,13.92,13.98,35611800,13.98
2014-11-11,13.81,14.08,13.67,14.0,24268300,14.0
2014-11-12,13.97,14.49,13.83,14.11,30597500,14.11
2014-11-13,14.32,14.37,13.59,13.6,36046700,13.6
2014-11-14,12.9,13.33,12.85,13.2,52848800,13.2
2014-11-17,13.07,13.25,12.52,12.6,47504600,12.6
2014-11-18,12.76,12.85,12.0,12.45,60893000,12.45
2014-11-19,12.4,12.97,12.31,12.78,48829400,12.78
2014-11-21,13.01,14.43,13.01,14.3,66584900,14.3
2014-11-24,14.62,15.26,14.08,14.21,70349100,14.21
2014-11-25,14.44,14.93,13.85,14.15,82863900,14.15
2014-11-26,14.17,14.17,14.17,14.17,35604600,14.17
2014-11-27,14.2,14.62,13.33,13.44,54672700,13.44
2014-11-28,13.45,13.56,12.8,12.84,46109000,12.84
2014-12-01,12.45,12.54,12.21,12.32,698950600,12.32
2014-12-02,12.5,12.56,12.09,12.17,482364100,12.17
2014-12-03,12.26,12.8,12.21,12.73,39296400,12.73
2014-12-04,12.79,12.79,12.17,12.23,35829500,12.23
2014-12-05,12.32,12.37,12.05,12.26,29848900,12.26
2014-12-08,12.15,12.15,11.41,11.5,43629700,11.5
2014-12-09,11.1,11.39,10.81,11.36,67900300,11.36
2014-12-10,11.35,11.36,10.82,10.83,50329300,10.83
2014-12-11,10.9,11.04,10.32,10.82,63596700,10.82
2014-12-12,10.65,10.69,10.11,10.11,45358700,10.11
2014-12-15,10.21,10.29,9.18,9.18,98863900,9.18
2014-12-16,8.6,9.92,8.56,9.38,90069600,9.38
2014-12-17,9.5,9.86,9.37,9.66,90329100,9.66
2014-12-18,9.89,10.35,9.38,9.46,87291900,9.46
2014-12-19,9.95,9.98,9.57,9.83,64103300,9.83
2014-12-22,9.9,10.32,9.71,10.32,52899900,10.32
2014-12-23,10.37,10.99,10.19,10.97,44200200,10.97
2014-12-26,10.87,10.88,10.21,10.3,26848600,10.3
2014-12-29,10.15,10.54,10.06,10.28,24392000,10.28
2014-12-30,10.16,10.35,10.02,10.02,27384800,10.02
2015-01-02,9.99,9.99,9.36,9.36,48837200,9.36
2015-01-05,9.14,9.19,8.58,8.61,77077300,8.61
2015-01-06,8.71,8.83,8.04,8.33,84023400,8.33
2015-01-07,8.56,8.73,8.36,8.67,85531000,8.67
2015-01-08,8.79,9.39,8.74,9.18,82735700,9.18
2015-01-09,9.2,9.4,8.93,9.4,50414800,9.4
2015-01-12,9.27,9.58,8.79,8.91,57881600,8.91
2015-01-13,8.9,9.39,8.85,9.0,64019500,9.0
2015-01-14,8.88,8.96,8.64,8.74,55155200,8.74
2015-01-15,9.0,9.39,8.87,9.34,80771000,9.34
2015-01-16,9.46,9.63,9.24,9.44,56978300,9.44
2015-01-19,9.35,9.54,9.15,9.19,30745600,9.19
2015-01-20,9.6,9.85,9.15,9.32,72326700,9.32
2015-01-21,9.45,9.83,9.32,9.82,48069900,9.82
2015-01-22,10.1,10.46,9.97,10.25,73699200,10.25
2015-01-23,10.1,10.46,9.88,10.0,43440800,10.0
2015-01-26,9.79,9.97,9.66,9.91,32972000,9.91
2015-01-27,9.72,10.37,9.53,10.17,58600900,10.17
2015-01-28,9.43,9.54,8.95,9.03,105199900,9.03
2015-01-29,9.05,9.08,8.34,8.75,110780300,8.75
2015-01-30,8.2,8.34,8.08,8.18,86357400,8.18
2015-02-02,8.46,8.68,8.13,8.66,56348600,8.66
2015-02-03,9.01,10.0,9.01,10.0,96885200,10.0
2015-02-04,10.3,10.78,9.56,10.02,117595000,10.02
2015-02-05,9.86,10.29,9.7,9.8,77584400,9.8
2015-02-06,9.8,9.81,8.87,9.12,117747100,9.12
2015-02-09,8.8,9.47,8.72,9.28,71514400,9.28
2015-02-10,9.22,9.8,8.92,8.92,74824500,8.92
2015-02-11,8.94,9.19,8.81,9.03,48276300,9.03
2015-02-12,9.35,9.54,9.27,9.5,61300600,9.5
2015-02-13,9.68,10.1,9.66,9.99,71330100,9.99
2015-02-18,10.16,10.34,10.04,10.12,42573800,10.12
2015-02-19,9.96,9.97,9.65,9.75,38125300,9.75
2015-02-20,9.82,9.9,9.53,9.67,34889900,9.67
2015-02-23,9.55,9.59,9.39,9.49,40638000,9.49
2015-02-24,9.65,9.89,9.59,9.86,47705600,9.86
2015-02-25,9.1,9.39,9.0,9.38,95251900,9.38
2015-02-26,9.4,9.52,9.16,9.27,42874100,9.27
2015-02-27,9.3,9.64,9.1,9.57,45644200,9.57
2015-03-02,9.44,9.71,9.27,9.4,37562300,9.4
2015-03-03,9.69,9.8,9.52,9.6,41841000,9.6
2015-03-04,9.41,9.45,9.21,9.21,47594500,9.21
2015-03-05,9.31,9.38,9.16,9.28,26322900,9.28
2015-03-06,9.2,9.35,9.17,9.24,26993200,9.24
2015-03-09,9.13,9.18,8.9,8.91,35764600,8.91
2015-03-10,8.83,8.98,8.51,8.55,71232500,8.55
2015-03-11,8.67,8.83,8.58,8.79,43696800,8.79
2015-03-12,8.97,9.08,8.44,8.5,61921500,8.5
2015-03-13,8.25,8.39,8.16,8.3,71861500,8.3
2015-03-16,8.49,8.5,8.19,8.46,53078600,8.46
2015-03-17,8.35,8.93,8.32,8.89,62937200,8.89
2015-03-18,8.85,9.29,8.67,9.27,64677400,9.27
2015-03-19,9.18,9.23,8.85,8.9,42956000,8.9
2015-03-20,9.08,9.35,8.96,9.35,58736900,9.35
2015-03-23,9.3,9.44,9.2,9.35,33536500,9.35
2015-03-24,9.37,9.45,9.22,9.39,35737300,9.39
2015-03-25,9.65,9.89,9.53,9.84,82912600,9.84
2015-03-26,9.92,9.96,9.32,9.35,58997600,9.35
2015-03-27,9.3,9.61,9.17,9.38,50526700,9.38
2015-03-30,9.5,9.75,9.42,9.72,32965300,9.72
2015-03-31,9.58,9.92,9.47,9.73,46076500,9.73
2015-04-01,9.93,10.37,9.87,10.21,58328200,10.21
2015-04-02,10.17,10.72,10.17,10.72,68012000,10.72
2015-04-06,10.8,10.99,10.69,10.69,44874900,10.69
2015-04-07,10.6,10.96,10.46,10.89,60326400,10.89
2015-04-08,11.1,11.33,10.49,10.6,72431900,10.6
2015-04-09,10.7,11.57,10.58,11.56,78282800,11.56
2015-04-10,11.52,11.93,11.27,11.82,69037200,11.82
2015-04-13,11.97,12.75,11.9,12.27,104809600,12.27
2015-04-14,12.67,12.74,11.97,12.49,86527200,12.49
2015-04-15,12.7,13.38,12.47,13.33,101695400,13.33
2015-04-16,13.25,13.33,12.52,12.86,107589800,12.86
2015-04-17,12.61,13.24,12.52,13.01,70065200,13.01
2015-04-20,13.23,13.38,13.02,13.09,51885900,13.09
2015-04-22,13.19,13.29,12.66,13.12,65355500,13.12
2015-04-23,12.3,13.26,11.89,12.92,179382600,12.92
2015-04-24,13.19,13.78,13.18,13.26,104845200,13.26
2015-04-27,12.95,13.12,12.57,12.58,51797800,12.58
2015-04-28,12.76,12.87,12.25,12.78,59716300,12.78
2015-04-29,12.58,12.93,12.53,12.82,35821900,12.82
2015-04-30,12.83,13.15,12.8,13.05,47801000,13.05
2015-05-01,13.05,13.05,13.05,13.05,0,13.05
2015-05-04,13.31,13.85,13.3,13.8,54744800,13.8
2015-05-05,13.7,14.61,13.67,14.38,74144700,14.38
2015-05-06,14.75,14.95,13.57,13.64,70597700,13.64
2015-05-07,13.8,14.05,13.33,13.7,44398800,13.7
2015-05-08,14.04,14.09,13.36,13.52,42525400,13.52
2015-05-11,13.68,13.83,13.43,13.72,27602700,13.72
2015-05-12,13.7,14.06,13.63,13.79,30520400,13.79
2015-05-13,13.87,14.13,13.75,13.97,44607400,13.97
2015-05-14,14.1,14.23,13.76,13.89,48194600,13.89
2015-05-15,13.92,14.12,13.61,14.06,53372500,14.06
2015-05-18,14.64,14.65,13.52,13.78,79952500,13.78
2015-05-19,13.55,13.59,12.79,12.91,69238200,12.91
2015-05-20,12.76,13.12,12.63,12.89,42665900,12.89
2015-05-21,12.86,13.52,12.86,13.45,52653400,13.45
2015-05-22,13.52,13.65,12.92,13.08,52795800,13.08
2015-05-25,12.98,13.01,12.72,12.8,23048500,12.8
2015-05-26,12.8,12.86,12.39,12.39,43915500,12.39
2015-05-27,12.5,12.66,12.29,12.55,46449400,12.55
2015-05-28,12.47,12.82,12.4,12.67,58201800,12.67
2015-05-29,12.71,12.78,12.33,12.33,72593400,12.33
2015-06-01,12.43,12.65,12.25,12.37,39690600,12.37
2015-06-02,12.55,12.95,12.47,12.84,45953600,12.84
2015-06-03,12.96,13.1,12.72,12.83,48879500,12.83
2015-06-04,12.83,12.83,12.83,12.83,0,12.83
2015-06-05,12.58,12.78,12.42,12.56,36139500,12.56
2015-06-08,12.61,12.77,12.47,12.57,23667600,12.57
2015-06-09,12.61,13.17,12.57,12.97,43818800,12.97
2015-06-10,13.3,13.44,12.92,13.05,44555800,13.05
2015-06-11,13.13,13.14,12.85,13.05,34802000,13.05
2015-06-12,12.86,13.04,12.83,13.02,30067700,13.02
2015-06-15,12.97,13.09,12.9,12.99,31125900,12.99
2015-06-16,13.04,13.48,12.91,13.35,48604900,13.35
2015-06-17,13.5,13.59,13.12,13.19,40246300,13.19
2015-06-18,13.28,13.44,13.15,13.44,26393400,13.44
2015-06-19,13.31,13.44,13.1,13.17,34840700,13.17
2015-06-22,13.3,13.37,13.13,13.2,22431100,13.2
2015-06-23,13.27,13.43,12.95,12.97,48007400,12.97
2015-06-24,13.06,13.35,13.05,13.2,39209100,13.2
2015-06-25,13.23,13.24,12.52,12.6,48369000,12.6
2015-06-26,12.66,13.21,12.64,13.21,34536800,13.21
2015-06-29,13.0,13.59,12.62,12.75,62350800,12.75
2015-06-30,12.9,12.99,12.65,12.71,32232000,12.71
2015-07-01,12.8,12.85,12.01,12.18,61400500,12.18
2015-07-02,12.35,12.53,12.16,12.3,36420700,12.3
2015-07-03,12.25,12.31,11.68,11.73,31421300,11.73
2015-07-06,11.51,11.73,11.28,11.48,50263300,11.48
2015-07-07,11.36,11.81,10.82,11.78,70965600,11.78
2015-07-08,11.62,11.99,11.33,11.55,42788200,11.55
2015-07-09,11.55,11.55,11.55,11.55,0,11.55
2015-07-10,11.9,11.98,11.75,11.79,30104300,11.79
2015-07-13,11.87,11.93,11.58,11.82,26054400,11.82
2015-07-14,11.69,12.08,11.58,12.0,36245600,12.0
2015-07-15,11.96,12.06,11.72,11.8,32408000,11.8
2015-07-16,11.89,11.99,11.82,11.92,25422300,11.92
2015-07-17,11.82,11.9,11.39,11.4,38921800,11.4
2015-07-20,11.46,11.54,10.75,10.79,48763200,10.79
2015-07-21,10.91,11.24,10.6,10.77,38726300,10.77
2015-07-22,10.61,10.72,10.33,10.36,30155200,10.36
2015-07-23,10.22,10.56,10.12,10.17,49586400,10.17
2015-07-24,10.17,10.23,9.76,10.04,44452100,10.04
2015-07-27,9.96,9.99,9.51,9.51,52483500,9.51
2015-07-28,9.69,10.22,9.61,9.97,70641800,9.97
2015-07-29,10.01,10.72,9.91,10.72,85654200,10.72
2015-07-30,10.83,10.93,10.24,10.47,46950600,10.47
2015-07-31,10.48,10.7,10.32,10.5,36615500,10.5
2015-08-03,10.36,10.41,9.95,10.02,40335300,10.02
2015-08-04,10.14,10.45,10.1,10.18,30497300,10.18
2015-08-05,10.41,10.55,10.01,10.01,43759700,10.01
2015-08-06,9.86,10.39,9.74,10.32,59527400,10.32
2015-08-07,10.25,10.55,9.69,9.69,64657900,9.69
2015-08-10,9.81,10.03,9.57,9.95,49877900,9.95
2015-08-11,9.79,9.86,9.47,9.83,43935700,9.83
2015-08-12,9.8,10.01,9.67,9.88,39146400,9.88
2015-08-13,9.91,9.97,9.51,9.51,30917800,9.51
2015-08-14,9.61,9.68,9.3,9.3,28018600,9.3
2015-08-17,9.2,9.36,9.12,9.12,32725700,9.12
2015-08-18,9.06,9.2,8.82,9.0,37491800,9.0
2015-08-19,8.95,9.05,8.63,8.79,36157100,8.79
2015-08-20,8.64,8.96,8.56,8.73,38200100,8.73
2015-08-21,8.6,8.64,8.3,8.3,39261100,8.3
2015-08-24,7.76,8.17,7.53,7.76,70703800,7.76
2015-08-25,8.1,8.23,7.88,7.9,57879500,7.9
2015-08-26,8.07,8.13,7.85,8.11,43884700,8.11
2015-08-27,8.25,8.89,8.23,8.89,65944100,8.89
2015-08-28,8.67,9.39,8.61,9.0,72971300,9.0
2015-08-31,8.71,9.29,8.52,9.19,76576400,9.19
2015-09-01,8.75,9.09,8.54,8.59,52756400,8.59
2015-09-02,8.75,8.84,8.33,8.82,56050600,8.82
2015-09-03,8.93,9.21,8.54,8.76,56645400,8.76
2015-09-04,8.6,8.76,8.51,8.51,35463400,8.51
2015-09-07,8.51,8.51,8.51,8.51,0,8.51
2015-09-08,8.7,8.79,8.58,8.64,29383000,8.64
2015-09-09,8.81,8.9,8.36,8.39,38706300,8.39
2015-09-10,7.9,8.15,7.81,7.97,62858700,7.97
2015-09-11,7.94,7.99,7.59,7.66,53647300,7.66
2015-09-14,7.7,7.82,7.46,7.72,52851400,7.72
2015-09-15,7.65,7.87,7.54,7.65,35102900,7.65
2015-09-16,7.77,8.24,7.74,8.14,66613400,8.14
2015-09-17,8.05,8.11,7.86,7.86,72887600,7.86
2015-09-18,7.75,7.76,7.5,7.6,68097000,7.6
2015-09-21,7.66,7.68,7.3,7.3,41063600,7.3
2015-09-22,7.24,7.24,6.81,6.97,66720700,6.97
2015-09-23,6.96,7.16,6.7,6.82,64774800,6.82
2015-09-24,6.61,7.14,6.6,6.96,56577300,6.96
2015-09-25,7.12,7.22,6.77,6.82,44843100,6.82
2015-09-28,6.74,6.75,6.44,6.44,37466900,6.44
2015-09-29,6.54,6.79,6.5,6.59,52387600,6.59
2015-09-30,7.25,7.26,6.97,7.24,107779500,7.24
2015-10-01,7.31,7.46,6.99,7.02,69296500,7.02
2015-10-02,6.99,7.83,6.9,7.77,88891400,7.77
2015-10-05,7.9,8.14,7.75,7.82,68350300,7.82
2015-10-06,7.86,8.34,7.84,8.19,81259300,8.19
2015-10-07,8.51,8.9,8.27,8.47,116610600,8.47
2015-10-08,8.46,8.84,8.28,8.75,68670000,8.75
2015-10-09,9.02,9.07,8.58,8.8,71885200,8.8
2015-10-12,8.8,8.8,8.8,8.8,0,8.8
2015-10-13,8.36,8.47,8.07,8.13,56100600,8.13
2015-10-14,8.07,8.23,7.89,7.96,75339100,7.96
2015-10-15,8.0,8.07,7.67,8.0,61444100,8.0
2015-10-16,7.99,8.08,7.81,7.95,42963800,7.95
2015-10-19,7.9,7.96,7.76,7.95,40096200,7.95
2015-10-20,8.0,8.19,7.97,8.05,47938700,8.05
2015-10-21,7.95,8.06,7.71,7.75,45394400,7.75
2015-10-22,7.82,8.11,7.81,8.02,46174500,8.02
2015-10-23,8.26,8.28,7.94,7.99,45715300,7.99
2015-10-26,8.05,8.13,7.8,7.85,35069500,7.85
2015-10-27,7.86,7.86,7.55,7.6,44085700,7.6
2015-10-28,7.61,7.95,7.52,7.7,56685500,7.7
2015-10-29,7.57,7.93,7.57,7.61,41336300,7.61
2015-10-30,7.6,7.78,7.54,7.71,36951300,7.71
2015-11-02,7.71,7.71,7.71,7.71,0,7.71
2015-11-03,7.84,8.48,7.77,8.48,60306200,8.48
2015-11-04,8.58,8.65,8.02,8.08,55661500,8.08
2015-11-05,8.08,8.17,7.87,8.11,92690300,8.11
2015-11-06,8.04,8.08,7.73,7.82,39680600,7.82
2015-11-09,7.83,7.93,7.59,7.91,36340400,7.91
2015-11-10,7.6,7.69,7.51,7.61,34554300,7.61
2015-11-11,7.71,7.83,7.64,7.72,44596400,7.72
2015-11-12,7.72,7.74,7.53,7.58,41641400,7.58
2015-11-13,7.5,7.56,7.23,7.27,67000600,7.27
2015-11-16,7.31,7.7,7.31,7.7,56587800,7.7
2015-11-17,7.8,7.86,7.64,7.76,52072800,7.76
2015-11-18,7.81,8.03,7.79,7.82,38137700,7.82
2015-11-19,7.96,7.98,7.62,7.84,51878600,7.84
2015-11-20,7.84,7.84,7.84,7.84,0,7.84
2015-11-23,7.9,8.1,7.85,8.08,47415800,8.08
2015-11-24,8.05,8.5,7.95,8.5,63001700,8.5
2015-11-25,8.28,8.35,7.9,7.9,54732800,7.9
2015-11-26,7.95,8.04,7.82,7.92,21697100,7.92
2015-11-27,7.81,7.86,7.57,7.6,38334200,7.6
2015-11-30,7.54,7.84,7.42,7.67,72764300,7.67
2015-12-01,7.67,7.76,7.45,7.49,35865600,7.49
2015-12-02,7.54,7.59,7.35,7.52,47713500,7.52
2015-12-03,7.99,8.17,7.79,7.98,76680900,7.98
2015-12-04,7.97,7.97,7.42,7.52,63662600,7.52
2015-12-07,7.6,7.61,7.15,7.19,47395000,7.19
2015-12-08,7.2,7.2,6.95,7.13,46590500,7.13
2015-12-09,7.34,7.82,7.27,7.65,82102800,7.65
2015-12-10,7.51,7.57,7.31,7.45,43458400,7.45
2015-12-11,7.26,7.53,7.21,7.25,50750600,7.25
2015-12-14,7.15,7.23,7.07,7.21,33538000,7.21
2015-12-15,7.34,7.47,7.3,7.42,34188900,7.42
2015-12-16,7.28,7.36,7.09,7.29,39840300,7.29
2015-12-17,7.35,7.52,7.19,7.2,43789300,7.2
2015-12-18,7.02,7.1,6.92,7.02,60061600,7.02
2015-12-21,7.06,7.09,6.62,6.64,54032100,6.64
2015-12-22,6.76,6.82,6.62,6.79,40463400,6.79
2015-12-23,6.91,7.04,6.87,6.93,38789700,6.93
2015-12-24,6.93,6.93,6.93,6.93,0,6.93
2015-12-25,6.93,6.93,6.93,6.93,0,6.93
2015-12-28,6.9,6.9,6.65,6.7,28617600,6.7
2015-12-29,6.81,6.87,6.68,6.69,22441300,6.69
2015-12-30,6.66,6.76,6.52,6.7,30041600,6.7
2015-12-31,6.7,6.7,6.7,6.7,0,6.7
2016-01-01,6.7,6.7,6.7,6.7,0,6.7
2016-01-04,6.57,7.03,6.55,6.87,45962100,6.87
2016-01-05,6.92,7.0,6.62,6.68,29446700,6.68
2016-01-06,6.53,6.54,6.4,6.4,67507200,6.4
2016-01-07,6.19,6.43,6.08,6.26,57387900,6.26
2016-01-08,6.38,6.45,6.13,6.27,52100300,6.27
2016-01-11,6.27,6.3,6.05,6.09,51334000,6.09
2016-01-12,6.12,6.12,5.51,5.53,81627800,5.53
2016-01-13,5.7,5.74,5.25,5.27,70874300,5.27
2016-01-14,5.31,5.69,5.13,5.69,76854200,5.69
2016-01-15,5.35,5.44,5.16,5.17,75571500,5.17
2016-01-18,5.19,5.21,4.8,4.8,46407200,4.8
2016-01-19,5.03,5.05,4.64,4.66,66529300,4.66
2016-01-20,4.5,4.5,4.26,4.43,92914100,4.43
2016-01-21,4.37,4.67,4.36,4.5,87455300,4.5
2016-01-22,4.73,4.77,4.4,4.41,100576600,4.41
2016-01-25,4.41,4.41,4.41,4.41,0,4.41
2016-01-26,4.23,4.31,4.12,4.2,71933300,4.2
2016-01-27,4.22,4.64,4.16,4.57,79437900,4.57
2016-01-28,4.67,5.13,4.35,4.6,131960900,4.6
2016-01-29,4.7,4.86,4.52,4.84,93013900,4.84
2016-02-01,4.74,4.86,4.66,4.72,51910300,4.72
2016-02-02,4.56,4.65,4.3,4.3,53610300,4.3
2016-02-03,4.42,4.52,4.22,4.49,73786400,4.49
2016-02-04,4.56,4.94,4.36,4.73,91974200,4.73
2016-02-05,4.73,4.78,4.53,4.54,52704500,4.54
2016-02-08,4.54,4.54,4.54,4.54,0,4.54
2016-02-09,4.54,4.54,4.54,4.54,0,4.54
2016-02-10,4.3,4.41,4.28,4.31,45747400,4.31
2016-02-11,4.2,4.27,4.12,4.23,59451500,4.23
2016-02-12,4.37,4.51,4.3,4.45,64027200,4.45
2016-02-15,4.56,4.6,4.52,4.57,28490400,4.57
2016-02-16,4.5,4.64,4.42,4.44,80343900,4.44
2016-02-17,4.54,4.82,4.51,4.68,84473100,4.68
2016-02-18,4.69,4.87,4.55,4.59,65026900,4.59
2016-02-19,4.5,4.57,4.4,4.46,56031000,4.46
2016-02-22,4.67,5.04,4.63,5.04,80150300,5.04
2016-02-23,4.95,5.28,4.82,4.92,85037400,4.92
2016-02-24,4.77,4.93,4.65,4.87,75039700,4.87
2016-02-25,4.81,5.08,4.79,4.89,70393700,4.89
2016-02-26,5.02,5.1,4.83,4.87,61396800,4.87
2016-02-29,5.08,5.23,4.98,5.14,84165000,5.14
2016-03-01,5.31,5.37,5.1,5.31,80939200,5.31
2016-03-02,5.21,5.65,5.15,5.65,88545800,5.65
2016-03-03,5.85,6.8,5.8,6.57,186772500,6.57
2016-03-04,6.57,7.9,6.57,7.22,175922100,7.22
2016-03-07,7.25,7.53,6.95,7.37,85041400,7.37
2016-03-08,7.37,7.84,7.08,7.47,137169400,7.47
2016-03-09,7.7,7.78,7.36,7.6,84821900,7.6
2016-03-10,7.8,7.96,7.31,7.95,117672300,7.95
2016-03-11,7.94,8.22,7.67,8.09,92331300,8.09
2016-03-14,8.13,8.2,7.4,7.4,86084700,7.4
2016-03-15,6.83,6.96,6.56,6.61,104913200,6.61
2016-03-16,6.51,7.23,6.41,7.23,85533000,7.23
2016-03-17,8.15,8.19,7.71,8.1,118294200,8.1
2016-03-18,8.09,8.17,7.72,8.12,77182400,8.12
2016-03-21,8.08,8.27,7.93,8.06,65837300,8.06
2016-03-22,7.85,8.18,7.73,8.11,84549700,8.11
2016-03-23,7.88,7.96,7.66,7.78,61437900,7.78
2016-03-24,7.53,8.0,7.32,7.81,52343300,7.81
2016-03-25,7.81,7.81,7.81,7.81,0,7.81
2016-03-28,8.15,8.48,7.91,8.44,69818700,8.44
2016-03-29,8.34,8.85,8.19,8.49,89050200,8.49
2016-03-30,8.7,9.0,8.28,8.44,90059600,8.44
2016-03-31,8.36,8.63,8.19,8.35,70267600,8.35
2016-04-01,8.05,8.41,7.94,8.36,74255000,8.36
2016-04-04,8.0,8.18,7.53,7.58,70727200,7.58
2016-04-05,7.55,8.05,7.41,7.83,75660400,7.83
2016-04-06,7.77,7.96,7.58,7.58,70548400,7.58
2016-04-07,7.79,7.85,7.6,7.7,46486700,7.7
2016-04-08,8.13,8.34,8.04,8.26,84448200,8.26
2016-04-11,8.43,8.58,8.34,8.39,61351400,8.39
2016-04-12,8.55,9.15,8.49,9.03,86545800,9.03
2016-04-13,9.41,9.74,9.29,9.51,106644800,9.51
2016-04-14,9.73,9.77,9.12,9.16,77355500,9.16
2016-04-15,9.25,9.83,9.07,9.69,95590000,9.69
2016-04-18,9.65,9.72,8.89,9.24,88873100,9.24
2016-04-19,9.48,9.67,9.34,9.62,57321100,9.62
2016-04-20,9.4,9.64,9.34,9.48,53295800,9.48
2016-04-21,9.48,9.48,9.48,9.48,0,9.48
2016-04-22,9.32,9.93,9.29,9.75,63322900,9.75
2016-04-25,9.71,9.9,9.33,9.33,56585400,9.33
2016-04-26,9.48,9.74,9.34,9.67,40460400,9.67
2016-04-27,9.85,10.3,9.77,10.25,86397900,10.25
2016-04-28,10.23,10.54,10.08,10.23,57741500,10.23
2016-04-29,10.23,10.54,10.01,10.23,53931300,10.23
2016-05-02,10.25,10.36,9.93,10.17,48618800,10.17
2016-05-03,10.01,10.09,9.71,9.78,47074700,9.78
2016-05-04,9.85,10.15,9.85,9.92,43389500,9.92
2016-05-05,10.28,10.3,9.6,9.81,65074500,9.81
2016-05-06,9.63,10.13,9.58,10.08,45330900,10.08
2016-05-09,10.01,10.05,8.84,9.48,94688100,9.48
2016-05-10,9.82,10.21,9.72,10.21,53055800,10.21
2016-05-11,10.39,10.5,9.99,10.25,74542300,10.25
2016-05-12,10.4,10.47,9.79,9.79,67229100,9.79
2016-05-13,9.93,10.06,9.39,9.46,70472200,9.46
2016-05-16,9.55,9.85,9.52,9.75,61487700,9.75
2016-05-17,9.83,9.88,9.46,9.5,46379500,9.5
2016-05-18,9.31,9.65,9.27,9.32,51929100,9.32
2016-05-19,9.25,9.25,8.65,8.96,75430200,8.96
2016-05-20,9.2,9.46,8.9,8.9,65173100,8.9
2016-05-23,8.55,8.67,8.42,8.5,51330000,8.5
2016-05-24,8.69,8.85,8.45,8.53,44823400,8.53
2016-05-25,8.68,8.94,8.59,8.67,45512600,8.67
2016-05-26,8.67,8.67,8.67,8.67,0,8.67
2016-05-27,8.5,8.57,8.23,8.23,47488600,8.23
2016-05-30,8.18,8.62,8.06,8.38,32281900,8.38
2016-05-31,8.36,8.57,8.04,8.04,58662600,8.04
2016-06-01,8.09,8.25,7.86,8.18,45884400,8.18
2016-06-02,8.19,8.41,8.03,8.32,52835100,8.32
2016-06-03,8.51,8.67,8.45,8.57,45595300,8.57
2016-06-06,8.7,8.78,8.45,8.46,37117600,8.46
2016-06-07,8.42,8.72,8.39,8.62,34401600,8.62
2016-06-08,8.8,9.41,8.8,9.39,77194700,9.39
2016-06-09,9.28,9.38,9.05,9.18,46539900,9.18
2016-06-10,8.97,8.99,8.78,8.78,38859900,8.78
2016-06-13,8.58,8.84,8.52,8.62,37094100,8.62
2016-06-14,8.6,8.77,8.25,8.3,66180300,8.3
2016-06-15,8.3,8.69,8.27,8.51,84556900,8.51
2016-06-16,8.41,8.54,8.28,8.5,46834500,8.5
2016-06-17,8.75,8.95,8.73,8.95,63144100,8.95
